UserId,ProductId,Rating,Timestamp
Cristina M,Kindle Paperwhite,5.0,2015-08-08 00:00:00+00:00
Ricky,Kindle Paperwhite,5.0,2015-09-01 00:00:00+00:00
Tedd Gardiner,Kindle Paperwhite,4.0,2015-07-20 00:00:00+00:00
Dougal,Kindle Paperwhite,5.0,2017-06-16 00:00:00+00:00
Miljan David Tanic,Kindle Paperwhite,5.0,2016-08-11 00:00:00+00:00
Janet Matthews Jan,Kindle Paperwhite,4.0,
John Kat's the brains,Kindle Paperwhite,5.0,
samira,Kindle Paperwhite,5.0,
Louis simard,Kindle Paperwhite,4.0,
JanetC,Kindle Paperwhite,5.0,
Shepherd,Kindle Paperwhite,4.0,
Brenda,Kindle Paperwhite,4.0,
Fil Gambatesa,Kindle Paperwhite,5.0,
Roy Bennett,Kindle Paperwhite,5.0,
satisfied customer,Kindle Paperwhite,5.0,
Matthew Coenen,Kindle Keyboard,4.0,
Ron Cronovich,Kindle Keyboard,5.0,
Jeffrey Stanley,Kindle Keyboard,3.0,
Jeffrey Stanley,Kindle Keyboard,3.0,
Matthew Coenen,Kindle Keyboard,4.0,
Ron Cronovich,Kindle Keyboard,5.0,
Gregory P. Baker,Certified Refurbished Amazon Fire TV (Previous Generation - 1st),4.0,2014-04-03 00:00:00+00:00
William Hardin,Certified Refurbished Amazon Fire TV (Previous Generation - 1st),5.0,
Gregory P. Baker,Certified Refurbished Amazon Fire TV (Previous Generation - 1st),4.0,2014-04-03 00:00:00+00:00
Mandy,Certified Refurbished Amazon Fire TV (Previous Generation - 1st),5.0,2014-04-07 00:00:00+00:00
William Hardin,Certified Refurbished Amazon Fire TV (Previous Generation - 1st),5.0,
Dallas,Certified Refurbished Amazon Fire TV (Previous Generation - 1st),4.0,2014-04-06 00:00:00+00:00
Mandy,Certified Refurbished Amazon Fire TV (Previous Generation - 1st),5.0,2014-04-07 00:00:00+00:00
William Hardin,Certified Refurbished Amazon Fire TV (Previous Generation - 1st),5.0,
Dallas,Certified Refurbished Amazon Fire TV (Previous Generation - 1st),4.0,2014-04-06 00:00:00+00:00
Dallas,Certified Refurbished Amazon Fire TV (Previous Generation - 1st),4.0,2014-04-06 00:00:00+00:00
William Hardin,Certified Refurbished Amazon Fire TV (Previous Generation - 1st),5.0,
D. Miyao,Amazon Echo Dot Case (fits Echo Dot 2nd Generation only) - Indigo Fabric,5.0,2017-01-30 00:00:00+00:00
dm,Amazon Echo Dot Case (fits Echo Dot 2nd Generation only) - Indigo Fabric,5.0,2016-11-06 00:00:00+00:00
Corey Clarke,Amazon Echo Dot Case (fits Echo Dot 2nd Generation only) - Indigo Fabric,4.0,2016-11-11 00:00:00+00:00
A.C,Amazon Echo Dot Case (fits Echo Dot 2nd Generation only) - Indigo Fabric,5.0,2016-11-28 00:00:00+00:00
Vincent Pompei,Amazon Echo Dot Case (fits Echo Dot 2nd Generation only) - Indigo Fabric,3.0,2016-11-17 00:00:00+00:00
Bob,Amazon Echo Dot Case (fits Echo Dot 2nd Generation only) - Indigo Fabric,5.0,2017-04-20 00:00:00+00:00
JB 85,Amazon Echo Dot Case (fits Echo Dot 2nd Generation only) - Indigo Fabric,5.0,2017-01-12 00:00:00+00:00
C. Morrow,Amazon Echo Dot Case (fits Echo Dot 2nd Generation only) - Indigo Fabric,5.0,
Ryan,Amazon Echo Dot Case (fits Echo Dot 2nd Generation only) - Indigo Fabric,5.0,2017-01-11 00:00:00+00:00
D. Miyao,Amazon Echo Dot Case (fits Echo Dot 2nd Generation only) - Indigo Fabric,5.0,2017-01-30 00:00:00+00:00
Jbird,Amazon Tap Sling Cover - Tangerine,4.0,2016-04-01 00:00:00+00:00
Devin Stephens,Amazon Tap Sling Cover - Tangerine,5.0,
CHRISTOPHER JONES,Amazon Tap Sling Cover - Tangerine,5.0,2016-12-15 00:00:00+00:00
B. Tarbuck,"Kindle Fire HDX 8.9""",3.0,
Amazon Reviewer,"Kindle Fire HDX 8.9""",4.0,2013-11-07 00:00:00+00:00
Samuel Ruiz,"Kindle Fire HDX 8.9""",1.0,2015-03-15 00:00:00+00:00
Tina L. Harmon,"Kindle Fire HDX 8.9""",3.0,2014-10-30 00:00:00+00:00
B. Tarbuck,"Kindle Fire HDX 8.9""",3.0,
B. Tarbuck,"Kindle Fire HDX 8.9""",3.0,
Amazon Reviewer,"Kindle Fire HDX 8.9""",4.0,2013-11-07 00:00:00+00:00
Amazon Reviewer,"Kindle Fire HDX 8.9""",4.0,2013-11-07 00:00:00+00:00
"Things I Love Like,","Kindle Fire HDX 8.9""",5.0,
Amazon Reviewer,"Kindle Fire HDX 8.9""",4.0,2013-11-07 00:00:00+00:00
B. Tarbuck,"Kindle Fire HDX 8.9""",3.0,
"Things I Love Like,","Kindle Fire HDX 8.9""",5.0,
B. Tarbuck,"Kindle Fire HDX 8.9""",3.0,
B. Tarbuck,"Kindle Fire HDX 8.9""",3.0,
Amazon Reviewer,"Kindle Fire HDX 8.9""",4.0,2013-11-07 00:00:00+00:00
D. Miyao,Amazon Echo Dot Case (fits Echo Dot 2nd Generation only) - Saddle Tan Leather,5.0,2017-01-30 00:00:00+00:00
dm,Amazon Echo Dot Case (fits Echo Dot 2nd Generation only) - Saddle Tan Leather,5.0,2016-11-06 00:00:00+00:00
Corey Clarke,Amazon Echo Dot Case (fits Echo Dot 2nd Generation only) - Saddle Tan Leather,4.0,2016-11-11 00:00:00+00:00
A.C,Amazon Echo Dot Case (fits Echo Dot 2nd Generation only) - Saddle Tan Leather,5.0,2016-11-28 00:00:00+00:00
Vincent Pompei,Amazon Echo Dot Case (fits Echo Dot 2nd Generation only) - Saddle Tan Leather,3.0,2016-11-17 00:00:00+00:00
Bob,Amazon Echo Dot Case (fits Echo Dot 2nd Generation only) - Saddle Tan Leather,5.0,2017-04-20 00:00:00+00:00
JB 85,Amazon Echo Dot Case (fits Echo Dot 2nd Generation only) - Saddle Tan Leather,5.0,2017-01-12 00:00:00+00:00
C. Morrow,Amazon Echo Dot Case (fits Echo Dot 2nd Generation only) - Saddle Tan Leather,5.0,
Ryan,Amazon Echo Dot Case (fits Echo Dot 2nd Generation only) - Saddle Tan Leather,5.0,2017-01-11 00:00:00+00:00
D. Miyao,Amazon Echo Dot Case (fits Echo Dot 2nd Generation only) - Saddle Tan Leather,5.0,2017-01-30 00:00:00+00:00
Jbird,Amazon Tap Sling Cover - Blue,4.0,2016-04-01 00:00:00+00:00
Devin Stephens,Amazon Tap Sling Cover - Blue,5.0,
CHRISTOPHER JONES,Amazon Tap Sling Cover - Blue,5.0,2016-12-15 00:00:00+00:00
D. Miyao,Amazon Echo Dot Case (fits Echo Dot 2nd Generation only) - Sandstone Fabric,5.0,2017-01-30 00:00:00+00:00
dm,Amazon Echo Dot Case (fits Echo Dot 2nd Generation only) - Sandstone Fabric,5.0,2016-11-06 00:00:00+00:00
Corey Clarke,Amazon Echo Dot Case (fits Echo Dot 2nd Generation only) - Sandstone Fabric,4.0,2016-11-11 00:00:00+00:00
A.C,Amazon Echo Dot Case (fits Echo Dot 2nd Generation only) - Sandstone Fabric,5.0,2016-11-28 00:00:00+00:00
Vincent Pompei,Amazon Echo Dot Case (fits Echo Dot 2nd Generation only) - Sandstone Fabric,3.0,2016-11-17 00:00:00+00:00
Bob,Amazon Echo Dot Case (fits Echo Dot 2nd Generation only) - Sandstone Fabric,5.0,2017-04-20 00:00:00+00:00
JB 85,Amazon Echo Dot Case (fits Echo Dot 2nd Generation only) - Sandstone Fabric,5.0,2017-01-12 00:00:00+00:00
C. Morrow,Amazon Echo Dot Case (fits Echo Dot 2nd Generation only) - Sandstone Fabric,5.0,
Randall M.,All-New Amazon Fire TV Game Controller,2.0,2016-03-17 00:00:00+00:00
Dean S,All-New Amazon Fire TV Game Controller,3.0,2017-02-03 00:00:00+00:00
Erika S.,All-New Amazon Fire TV Game Controller,5.0,2016-07-27 00:00:00+00:00
Ashley,All-New Amazon Fire TV Game Controller,5.0,2016-09-07 00:00:00+00:00
Linda Watson,All-New Amazon Fire TV Game Controller,5.0,2017-04-22 00:00:00+00:00
olivarulez,All-New Amazon Fire TV Game Controller,4.0,2017-06-11 00:00:00+00:00
Theresa,All-New Amazon Fire TV Game Controller,5.0,2016-09-12 00:00:00+00:00
JJCEO,Fire HD 7 Tablet,5.0,
Liberty Standard,Fire HD 7 Tablet,5.0,
Frank Epstein,Fire HD 7 Tablet,5.0,2015-04-22 00:00:00+00:00
Michael Gallagher,Fire HD 7 Tablet,5.0,
Randall M.,Amazon Fire TV Game Controller,2.0,2016-03-17 00:00:00+00:00
Dean S,Amazon Fire TV Game Controller,3.0,2017-02-03 00:00:00+00:00
Linda Watson,Amazon Fire TV Game Controller,5.0,2017-04-22 00:00:00+00:00
Ashley,Amazon Fire TV Game Controller,5.0,2016-09-07 00:00:00+00:00
Theresa,Amazon Fire TV Game Controller,5.0,2016-09-12 00:00:00+00:00
Ekgeis,Amazon Fire TV Game Controller,5.0,2017-01-24 00:00:00+00:00
JEREMY L THOMPSON,Amazon Fire TV Game Controller,1.0,2016-09-09 00:00:00+00:00
Daultim,Amazon Fire TV Game Controller,4.0,2017-04-23 00:00:00+00:00
Erika S.,Amazon Fire TV Game Controller,5.0,2016-07-27 00:00:00+00:00
Jerry,Amazon Fire TV Game Controller,5.0,2017-01-13 00:00:00+00:00
Celeste Z.,Amazon Fire TV Game Controller,3.0,2017-07-11 00:00:00+00:00
Jbird,Amazon Tap Sling Cover - White,4.0,2016-04-01 00:00:00+00:00
Devin Stephens,Amazon Tap Sling Cover - White,5.0,
CHRISTOPHER JONES,Amazon Tap Sling Cover - White,5.0,2016-12-15 00:00:00+00:00
Jbird,Amazon Tap Sling Cover - Magenta,4.0,2016-04-01 00:00:00+00:00
Devin Stephens,Amazon Tap Sling Cover - Magenta,5.0,
CHRISTOPHER JONES,Amazon Tap Sling Cover - Magenta,5.0,2016-12-15 00:00:00+00:00
Liberty Standard,Certified Refurbished Kindle E-reader,5.0,
Rustic,Certified Refurbished Kindle E-reader,5.0,2014-11-07 00:00:00+00:00
Michael Gallagher,Certified Refurbished Kindle E-reader,4.0,
Jbird,Amazon Tap Sling Cover - Green,4.0,2016-04-01 00:00:00+00:00
Devin Stephens,Amazon Tap Sling Cover - Green,5.0,
CHRISTOPHER JONES,Amazon Tap Sling Cover - Green,5.0,2016-12-15 00:00:00+00:00
BShaw,Kindle Paperwhite E-reader - Black,5.0,2017-05-29 00:00:00+00:00
Desert Rat,Kindle Paperwhite E-reader - Black,5.0,2015-07-01 00:00:00+00:00
J. Chambers,Kindle Paperwhite E-reader - Black,5.0,
BShaw,Kindle Paperwhite 3G,5.0,2017-05-29 00:00:00+00:00
Desert Rat,Kindle Paperwhite 3G,5.0,2015-07-01 00:00:00+00:00
J. Chambers,Kindle Paperwhite 3G,5.0,
Irene,Fire HD 10 Tablet with Alexa,5.0,
FreeSpirit,Fire HD 10 Tablet with Alexa,3.0,
Mocha's mom,Fire HD 10 Tablet with Alexa,5.0,
Lou1492,Fire HD 10 Tablet with Alexa,5.0,
D. Miyao,Amazon Echo Dot Case (fits Echo Dot 2nd Generation only) - Merlot Leather,5.0,2017-01-30 00:00:00+00:00
dm,Amazon Echo Dot Case (fits Echo Dot 2nd Generation only) - Merlot Leather,5.0,2016-11-06 00:00:00+00:00
Corey Clarke,Amazon Echo Dot Case (fits Echo Dot 2nd Generation only) - Merlot Leather,4.0,2016-11-11 00:00:00+00:00
A.C,Amazon Echo Dot Case (fits Echo Dot 2nd Generation only) - Merlot Leather,5.0,2016-11-28 00:00:00+00:00
Vincent Pompei,Amazon Echo Dot Case (fits Echo Dot 2nd Generation only) - Merlot Leather,3.0,2016-11-17 00:00:00+00:00
Bob,Amazon Echo Dot Case (fits Echo Dot 2nd Generation only) - Merlot Leather,5.0,2017-04-20 00:00:00+00:00
JB 85,Amazon Echo Dot Case (fits Echo Dot 2nd Generation only) - Merlot Leather,5.0,2017-01-12 00:00:00+00:00
C. Morrow,Amazon Echo Dot Case (fits Echo Dot 2nd Generation only) - Merlot Leather,5.0,
Clarissa Marshall,Fire Kids Edition Tablet,4.0,2016-07-13 00:00:00+00:00
Peter Rodick,Fire Kids Edition Tablet,1.0,2016-02-04 00:00:00+00:00
rdbud,Fire Kids Edition Tablet,3.0,2015-10-13 00:00:00+00:00
Irene,Fire HD 10 Tablet with Alexa,5.0,
FreeSpirit,Fire HD 10 Tablet with Alexa,3.0,
Mocha's mom,Fire HD 10 Tablet with Alexa,5.0,
Lou1492,Fire HD 10 Tablet with Alexa,5.0,
RPL,Echo Show - Black,4.0,2017-07-01 00:00:00+00:00
Ni,Echo Show - Black,4.0,2017-06-29 00:00:00+00:00
Quentin Moore,Echo Show - Black,5.0,
Ni,Echo Show - Black,3.0,2017-06-29 00:00:00+00:00
Ni,Echo Show - Black,3.0,2017-06-29 00:00:00+00:00
kas9103,Echo Show - Black,5.0,2017-06-30 00:00:00+00:00
Sandbagger,Echo Show - Black,5.0,2017-06-30 00:00:00+00:00
Sandy,Certified Refurbished Fire HD 10 Tablet,5.0,2016-12-02 00:00:00+00:00
donna,Certified Refurbished Fire HD 10 Tablet,3.0,2017-01-10 00:00:00+00:00
Amazon Customer,Certified Refurbished Fire HD 10 Tablet,5.0,2016-11-19 00:00:00+00:00
GMA,Certified Refurbished Fire HD 10 Tablet,5.0,2017-03-17 00:00:00+00:00
Sara B,Certified Refurbished Fire HD 10 Tablet,3.0,2017-02-07 00:00:00+00:00
Giacomo,Certified Refurbished Fire HD 10 Tablet,3.0,2016-11-21 00:00:00+00:00
gamecrazy,Certified Refurbished Fire HD 10 Tablet,3.0,2017-05-21 00:00:00+00:00
G Fontaine,Certified Refurbished Fire HD 10 Tablet,5.0,2016-12-23 00:00:00+00:00
Dixie Bee,Certified Refurbished Kindle E-reader - Black,4.0,2017-06-21 00:00:00+00:00
Alex Johnson,Certified Refurbished Kindle E-reader - Black,5.0,2017-06-25 00:00:00+00:00
Beaches,Certified Refurbished Kindle E-reader - Black,5.0,2017-07-05 00:00:00+00:00
Amazon Customer,Certified Refurbished Kindle E-reader - Black,5.0,2017-07-14 00:00:00+00:00
James H Mann,Certified Refurbished Kindle E-reader - Black,1.0,2017-07-01 00:00:00+00:00
Shannon S.,Certified Refurbished Kindle E-reader - Black,4.0,2017-07-13 00:00:00+00:00
Daniel Altenburg,Certified Refurbished Kindle E-reader - Black,1.0,2017-05-12 00:00:00+00:00
J. Chambers,Kindle Voyage E-reader,5.0,
K.E. Fuhrmann,Kindle Voyage E-reader,5.0,2014-10-23 00:00:00+00:00
sam,Kindle Voyage E-reader,3.0,2014-10-22 00:00:00+00:00
BShaw,Kindle Paperwhite E-reader - Black,5.0,2017-05-29 00:00:00+00:00
Desert Rat,Kindle Paperwhite E-reader - Black,5.0,2015-07-01 00:00:00+00:00
J. Chambers,Kindle Paperwhite E-reader - Black,5.0,
BShaw,Certified Refurbished Kindle Paperwhite E-reader - Black,5.0,2017-05-29 00:00:00+00:00
Desert Rat,Certified Refurbished Kindle Paperwhite E-reader - Black,5.0,2015-07-01 00:00:00+00:00
J. Chambers,Certified Refurbished Kindle Paperwhite E-reader - Black,5.0,
Kenneth Jung,Kindle Oasis with Leather Charging Cover - Black,5.0,2016-05-03 00:00:00+00:00
Phil (not) in Magnolia,Kindle Oasis with Leather Charging Cover - Black,5.0,
Pedro P. Cunha,Kindle Oasis with Leather Charging Cover - Black,2.0,
Liberty Standard,Fire HDX 8.9 Tablet,5.0,
Christopher Le,Fire HDX 8.9 Tablet,3.0,2014-10-29 00:00:00+00:00
Michael Gallagher,Fire HDX 8.9 Tablet,5.0,
Phil (not) in Magnolia,Kindle Oasis E-reader with Leather Charging Cover - Walnut,5.0,
J. Chambers,Kindle Oasis E-reader with Leather Charging Cover - Walnut,5.0,
S. Goldstein,Kindle Oasis E-reader with Leather Charging Cover - Walnut,3.0,2016-04-29 00:00:00+00:00
Lyn Craven,Kindle Oasis E-reader with Leather Charging Cover - Walnut,5.0,2016-05-09 00:00:00+00:00
MissOliviaP,Kindle E-reader - Black,5.0,2016-08-08 00:00:00+00:00
Rustic,Kindle E-reader - Black,5.0,2016-07-12 00:00:00+00:00
Sara Krzykowski,Kindle E-reader - Black,5.0,
Alex,Kindle E-reader - Black,5.0,2016-07-13 00:00:00+00:00
Dina,Kindle E-reader - Black,5.0,2016-11-21 00:00:00+00:00
Linda S Fox,Kindle E-reader - Black,5.0,2016-08-28 00:00:00+00:00
J. Chambers,Certified Refurbished Kindle Voyage E-reader with Special Offers,5.0,
K.E. Fuhrmann,Certified Refurbished Kindle Voyage E-reader with Special Offers,5.0,2014-10-23 00:00:00+00:00
sam,Certified Refurbished Kindle Voyage E-reader with Special Offers,3.0,2014-10-22 00:00:00+00:00
Snowmass,Certified Refurbished Echo Dot (2nd Generation) - Black,5.0,2017-05-06 00:00:00+00:00
Robert Beeman,Certified Refurbished Echo Dot (2nd Generation) - Black,5.0,
Philip J. Bohlken,Certified Refurbished Echo Dot (2nd Generation) - Black,5.0,2017-03-25 00:00:00+00:00
Amazon Customer,Certified Refurbished Echo Dot (2nd Generation) - Black,4.0,2017-04-18 00:00:00+00:00
Marianne Rattan,Certified Refurbished Echo Dot (2nd Generation) - Black,5.0,
mark d.,Certified Refurbished Echo Dot (2nd Generation) - Black,5.0,2017-06-04 00:00:00+00:00
Mandy,Amazon Fire TV,5.0,2014-04-07 00:00:00+00:00
Dallas,Amazon Fire TV,4.0,2014-04-06 00:00:00+00:00
Dallas,Amazon Fire TV,4.0,2014-04-06 00:00:00+00:00
Dallas,Amazon Fire TV,4.0,2014-04-06 00:00:00+00:00
William Hardin,Amazon Fire TV,5.0,
William Hardin,Amazon Fire TV,5.0,
Gregory P. Baker,Amazon Fire TV,4.0,2014-04-03 00:00:00+00:00
William Hardin,Amazon Fire TV,5.0,
Mandy,Amazon Fire TV,5.0,2014-04-07 00:00:00+00:00
Gregory P. Baker,Amazon Fire TV,4.0,2014-04-03 00:00:00+00:00
William Hardin,Amazon Fire TV,5.0,
Spiral42 Trivia Fanatic,Amazon Fire TV,5.0,2014-09-02 05:00:00+00:00
Mandy,Amazon Fire TV,5.0,2014-04-07 05:00:00+00:00
Alice,Amazon Fire TV,5.0,2014-09-02 05:00:00+00:00
William Hardin,Amazon Fire TV,5.0,2014-04-03 05:00:00+00:00
Max Nancy,Amazon Fire TV,2.0,2014-09-03 05:00:00+00:00
txtech1997,Amazon Fire TV,1.0,2014-09-02 05:00:00+00:00
IMA,Amazon Fire TV,1.0,2014-06-24 05:00:00+00:00
A. Dent Aragorn,Amazon Fire TV,3.0,2014-04-03 05:00:00+00:00
R. Colley RC,Amazon Fire TV,5.0,2014-04-04 05:00:00+00:00
Caryl Faulkender,Amazon Fire TV,5.0,2014-09-03 05:00:00+00:00
Maria,Amazon Fire TV,4.0,2014-09-02 05:00:00+00:00
Gregory P. Baker,Amazon Fire TV,4.0,2014-04-03 05:00:00+00:00
Gregory P. Baker,Amazon Fire TV,4.0,2014-04-03 05:00:00+00:00
Lynne Matlack Kindle Junkie,Amazon Fire TV,5.0,2014-09-02 05:00:00+00:00
CV,Amazon Fire TV,4.0,2014-09-02 05:00:00+00:00
Thomas B,Amazon Fire TV,5.0,2014-09-03 05:00:00+00:00
David R. Lowe,Amazon Fire TV,1.0,2014-09-03 05:00:00+00:00
William Hardin,Amazon Fire TV,5.0,2014-04-03 05:00:00+00:00
Geronimo,Amazon Fire TV,1.0,2014-04-05 05:00:00+00:00
Don Clayton,Amazon Fire TV,5.0,2014-09-03 05:00:00+00:00
Mandy,Amazon Fire TV,5.0,2014-04-07 05:00:00+00:00
corydave,Amazon Fire TV,5.0,2014-09-02 05:00:00+00:00
GEP,Amazon Fire TV,5.0,2014-09-03 05:00:00+00:00
Dallas,Amazon Fire TV,4.0,2014-04-06 05:00:00+00:00
M B,Amazon Fire TV,5.0,2014-09-03 05:00:00+00:00
Chris Lunsford,Amazon Fire TV,5.0,2014-09-03 05:00:00+00:00
Grace L. Thompson Industrial Engineer,Amazon Fire TV,5.0,2014-09-03 05:00:00+00:00
Juan2three4,Amazon Fire TV,5.0,2014-04-03 05:00:00+00:00
DaveF,Amazon Fire TV,5.0,2014-05-15 05:00:00+00:00
Donald J. Obrien computer gadgets,Amazon Fire TV,4.0,2014-09-02 05:00:00+00:00
Pat,Amazon Fire TV,5.0,2014-09-02 05:00:00+00:00
TKE,Amazon Fire TV,2.0,2014-09-02 05:00:00+00:00
Amazon Enthusiast The Lucky One,Amazon Fire TV,5.0,2014-09-03 05:00:00+00:00
Grandmaof4,Amazon 5W USB Official OEM Charger and Power Adapter for Fire Tablets and Kindle eReaders,4.0,2017-06-22 00:00:00+00:00
C G,Amazon 5W USB Official OEM Charger and Power Adapter for Fire Tablets and Kindle eReaders,5.0,2017-06-27 00:00:00+00:00
Leslie Kennedy,Amazon 5W USB Official OEM Charger and Power Adapter for Fire Tablets and Kindle eReaders,5.0,2017-03-16 00:00:00+00:00
Len Burroughs,Amazon 5W USB Official OEM Charger and Power Adapter for Fire Tablets and Kindle eReaders,2.0,
Scott Hanel,Amazon 5W USB Official OEM Charger and Power Adapter for Fire Tablets and Kindle eReaders,1.0,2017-07-02 00:00:00+00:00
The Old Dog,Amazon 5W USB Official OEM Charger and Power Adapter for Fire Tablets and Kindle eReaders,5.0,2017-03-23 00:00:00+00:00
Dr. Danny,Amazon 5W USB Official OEM Charger and Power Adapter for Fire Tablets and Kindle eReaders,5.0,2017-06-08 00:00:00+00:00
Joe Ventresco,Amazon 5W USB Official OEM Charger and Power Adapter for Fire Tablets and Kindle eReaders,2.0,2017-04-03 00:00:00+00:00
Steven Moren,Amazon 5W USB Official OEM Charger and Power Adapter for Fire Tablets and Kindle eReaders,5.0,2017-05-16 00:00:00+00:00
Marilyn Holcomb,Amazon 5W USB Official OEM Charger and Power Adapter for Fire Tablets and Kindle eReaders,1.0,2017-04-20 00:00:00+00:00
Maureen Clement,Amazon 5W USB Official OEM Charger and Power Adapter for Fire Tablets and Kindle eReaders,4.0,2017-03-16 00:00:00+00:00
Amazon Customer,Amazon 5W USB Official OEM Charger and Power Adapter for Fire Tablets and Kindle eReaders,5.0,2017-04-09 00:00:00+00:00
Angela Thoburn,Amazon 5W USB Official OEM Charger and Power Adapter for Fire Tablets and Kindle eReaders,3.0,2017-05-06 00:00:00+00:00
G. Bruce White,Amazon 5W USB Official OEM Charger and Power Adapter for Fire Tablets and Kindle eReaders,2.0,
Mom goes to school,Amazon 5W USB Official OEM Charger and Power Adapter for Fire Tablets and Kindle eReaders,5.0,2017-05-15 00:00:00+00:00
Mom goes to school,Amazon 5W USB Official OEM Charger and Power Adapter for Fire Tablets and Kindle eReaders,5.0,2017-05-15 00:00:00+00:00
carolyn s.,Amazon 5W USB Official OEM Charger and Power Adapter for Fire Tablets and Kindle eReaders,5.0,2017-06-09 00:00:00+00:00
The Old Dog,Amazon 5W USB Official OEM Charger and Power Adapter for Fire Tablets and Kindle eReaders,5.0,2017-03-23 00:00:00+00:00
Wanda J.,Amazon 5W USB Official OEM Charger and Power Adapter for Fire Tablets and Kindle eReaders,4.0,2017-05-23 00:00:00+00:00
Phil (not) in Magnolia,All-New Amazon Fire 7 Tablet Case (7th Generation,5.0,
Amanda0205,All-New Amazon Fire 7 Tablet Case (7th Generation,2.0,2017-07-20 00:00:00+00:00
Dennis Pendergrass,All-New Amazon Fire 7 Tablet Case (7th Generation,5.0,2017-07-02 00:00:00+00:00
Rosemary Williams,All-New Amazon Fire 7 Tablet Case (7th Generation,4.0,2017-07-20 00:00:00+00:00
Julia,All-New Amazon Fire 7 Tablet Case (7th Generation,4.0,2017-07-10 00:00:00+00:00
Biblio Ninja,All-New Amazon Fire 7 Tablet Case (7th Generation,3.0,2017-07-22 00:00:00+00:00
Kindle Lover,All-New Amazon Fire 7 Tablet Case (7th Generation,5.0,2017-07-18 00:00:00+00:00
Emmie Golemi,All-New Amazon Fire 7 Tablet Case (7th Generation,5.0,2017-07-20 00:00:00+00:00
Nathan R.,All-New Amazon Fire 7 Tablet Case (7th Generation,3.0,2017-07-03 00:00:00+00:00
Peggy,All-New Amazon Fire 7 Tablet Case (7th Generation,5.0,2017-07-12 00:00:00+00:00
Sunspotbaby,All-New Amazon Fire 7 Tablet Case (7th Generation,5.0,2017-07-12 00:00:00+00:00
Jessica,All-New Amazon Fire 7 Tablet Case (7th Generation,5.0,2017-07-07 00:00:00+00:00
Stemwind,All-New Amazon Fire 7 Tablet Case (7th Generation,5.0,2017-06-29 00:00:00+00:00
Amazon Customer,All-New Amazon Fire 7 Tablet Case (7th Generation,5.0,2017-06-16 00:00:00+00:00
FLgurrl,All-New Amazon Fire 7 Tablet Case (7th Generation,1.0,2017-07-20 00:00:00+00:00
Amazon Customer,All-New Amazon Fire 7 Tablet Case (7th Generation,5.0,2017-06-09 00:00:00+00:00
Maggie,All-New Amazon Fire 7 Tablet Case (7th Generation,1.0,2017-07-14 00:00:00+00:00
DC,All-New Amazon Fire 7 Tablet Case (7th Generation,1.0,2017-06-12 00:00:00+00:00
EE0715,All-New Amazon Fire 7 Tablet Case (7th Generation,5.0,2017-06-18 00:00:00+00:00
Nickolas Snyder,All-New Amazon Fire 7 Tablet Case (7th Generation,1.0,2017-06-17 00:00:00+00:00
Crystal Shipley,All-New Amazon Fire 7 Tablet Case (7th Generation,2.0,2017-06-28 00:00:00+00:00
Dorothy Bengtson,All-New Amazon Fire 7 Tablet Case (7th Generation,4.0,2017-06-16 00:00:00+00:00
J. Seeburger,All-New Amazon Fire 7 Tablet Case (7th Generation,5.0,
Flight-ER-Doc,All-New Amazon Fire 7 Tablet Case (7th Generation,2.0,2017-06-25 00:00:00+00:00
Scott716,All-New Amazon Fire 7 Tablet Case (7th Generation,4.0,2017-06-15 00:00:00+00:00
amh,All-New Amazon Fire 7 Tablet Case (7th Generation,5.0,2017-06-11 00:00:00+00:00
Regina G.Fetty,All-New Amazon Fire 7 Tablet Case (7th Generation,5.0,2017-06-14 00:00:00+00:00
L. Kirk,Kindle,4.0,2012-09-12 00:00:00+00:00
Tricia L,Kindle,5.0,2012-09-25 00:00:00+00:00
ShirtGuy,Kindle,5.0,2013-12-18 00:00:00+00:00
Carmylita,Kindle,5.0,2013-11-04 00:00:00+00:00
JJCEO,All-New Amazon Fire HD 8 Tablet Case (7th Generation,4.0,
bklynfinest,All-New Amazon Fire HD 8 Tablet Case (7th Generation,1.0,2017-06-25 00:00:00+00:00
J. Chambers,All-New Amazon Fire HD 8 Tablet Case (7th Generation,5.0,
TerriG,All-New Amazon Fire HD 8 Tablet Case (7th Generation,2.0,2017-07-25 00:00:00+00:00
David Mallinder,All-New Amazon Fire HD 8 Tablet Case (7th Generation,4.0,
Dimples,All-New Amazon Fire HD 8 Tablet Case (7th Generation,3.0,2017-07-25 00:00:00+00:00
Darlene,All-New Amazon Fire HD 8 Tablet Case (7th Generation,2.0,2017-07-13 00:00:00+00:00
Bill M.,All-New Amazon Fire HD 8 Tablet Case (7th Generation,4.0,2017-06-20 00:00:00+00:00
Joyce AC,All-New Amazon Fire HD 8 Tablet Case (7th Generation,3.0,2017-07-08 00:00:00+00:00
AMA,All-New Amazon Fire HD 8 Tablet Case (7th Generation,4.0,2017-06-11 00:00:00+00:00
Jeremy Hutchings,All-New Amazon Fire HD 8 Tablet Case (7th Generation,5.0,2017-06-25 00:00:00+00:00
FreeReader,All-New Amazon Fire HD 8 Tablet Case (7th Generation,4.0,2017-06-17 00:00:00+00:00
M.,All-New Amazon Fire HD 8 Tablet Case (7th Generation,3.0,
William,All-New Amazon Fire HD 8 Tablet Case (7th Generation,3.0,2017-07-02 00:00:00+00:00
aklouie,All-New Amazon Fire HD 8 Tablet Case (7th Generation,2.0,2017-07-06 00:00:00+00:00
Phil (not) in Magnolia,All-New Amazon Fire HD 8 Tablet Case (7th Generation,5.0,
iiiireader,All-New Amazon Fire HD 8 Tablet Case (7th Generation,5.0,
renatae33,All-New Amazon Fire HD 8 Tablet Case (7th Generation,5.0,2017-06-11 00:00:00+00:00
FreeSpirit,Fire HD 8 Tablet,3.0,
Jim Samsen,Fire HD 8 Tablet,5.0,2015-10-03 00:00:00+00:00
Desert Rat,Fire HD 8 Tablet,3.0,2015-10-02 00:00:00+00:00
Tenny B,All-New Amazon Kid-Proof Case for Amazon Fire 7 Tablet (7th Generation,5.0,2017-06-21 00:00:00+00:00
RS,All-New Amazon Kid-Proof Case for Amazon Fire 7 Tablet (7th Generation,5.0,2017-07-02 00:00:00+00:00
Brian Cox,All-New Amazon Kid-Proof Case for Amazon Fire 7 Tablet (7th Generation,5.0,2017-06-21 00:00:00+00:00
TODD,All-New Amazon Kid-Proof Case for Amazon Fire 7 Tablet (7th Generation,4.0,2017-06-18 00:00:00+00:00
Amazon Customer,All-New Amazon Kid-Proof Case for Amazon Fire 7 Tablet (7th Generation,5.0,2017-07-07 00:00:00+00:00
Melissa J,All-New Amazon Kid-Proof Case for Amazon Fire 7 Tablet (7th Generation,5.0,2017-07-20 00:00:00+00:00
Eilhard Molina,All-New Amazon Kid-Proof Case for Amazon Fire 7 Tablet (7th Generation,4.0,2017-06-13 00:00:00+00:00
Nikki,All-New Amazon Kid-Proof Case for Amazon Fire 7 Tablet (7th Generation,5.0,2017-07-19 00:00:00+00:00
Amazon Customer,All-New Amazon Kid-Proof Case for Amazon Fire 7 Tablet (7th Generation,5.0,2017-06-15 00:00:00+00:00
Lindsay Slater,All-New Amazon Kid-Proof Case for Amazon Fire 7 Tablet (7th Generation,4.0,2017-07-16 00:00:00+00:00
Samantha,All-New Amazon Kid-Proof Case for Amazon Fire 7 Tablet (7th Generation,5.0,2017-07-14 00:00:00+00:00
Tenny B,All-New Amazon Kid-Proof Case for Amazon Fire 7 Tablet (7th Generation,5.0,2017-06-21 00:00:00+00:00
Nana2kearaj,All-New Amazon Kid-Proof Case for Amazon Fire 7 Tablet (7th Generation,3.0,2017-06-18 00:00:00+00:00
ktollstam,All-New Fire HD 8 Tablet with Alexa,4.0,2017-06-10 00:00:00+00:00
TD,All-New Fire HD 8 Tablet with Alexa,5.0,2017-06-10 00:00:00+00:00
Adam,All-New Fire HD 8 Tablet with Alexa,5.0,2017-06-10 00:00:00+00:00
Amazon Customer,All-New Fire HD 8 Tablet with Alexa,5.0,2017-06-15 00:00:00+00:00
AlphaKryptonyte,All-New Fire HD 8 Tablet with Alexa,4.0,2017-06-19 00:00:00+00:00
Mike W.,Fire HD 6 Tablet,5.0,
William Hardin,Fire HD 6 Tablet,5.0,
Earthling1984,Fire HD 6 Tablet,5.0,2014-10-03 00:00:00+00:00
Mike W.,Fire HD 6 Tablet,5.0,
William Hardin,Fire HD 6 Tablet,5.0,
William Hardin,Fire HD 6 Tablet,5.0,
Earthling1984,Fire HD 6 Tablet,5.0,
Earthling1984,Fire HD 6 Tablet,5.0,
Earthling1984,Fire HD 6 Tablet,5.0,
William Hardin,Fire HD 6 Tablet,5.0,
Mike W.,Fire HD 6 Tablet,5.0,
Mike W.,Fire HD 6 Tablet,5.0,
William Hardin,Fire HD 6 Tablet,5.0,
Mike W.,Fire HD 6 Tablet,5.0,
Earthling1984,Fire HD 6 Tablet,5.0,
Mike W.,Fire HD 6 Tablet,5.0,
William Hardin,Fire HD 6 Tablet,5.0,
Earthling1984,Fire HD 6 Tablet,5.0,
William Hardin,Fire HD 6 Tablet,5.0,
William Hardin,Fire HD 6 Tablet,5.0,
Earthling1984,Fire HD 6 Tablet,5.0,
William Hardin,Fire HD 6 Tablet,5.0,
William Hardin,Fire HD 6 Tablet,5.0,
William Hardin,Fire HD 6 Tablet,5.0,
Mike W.,Fire HD 6 Tablet,5.0,
Earthling1984,Fire HD 6 Tablet,5.0,
Mike W.,Fire HD 6 Tablet,5.0,
Earthling1984,Fire HD 6 Tablet,5.0,
Earthling1984,Fire HD 6 Tablet,5.0,
Mike W.,Fire HD 6 Tablet,5.0,
Earthling1984,Fire HD 6 Tablet,5.0,
Earthling1984,Fire HD 6 Tablet,5.0,
Mike W.,Fire HD 6 Tablet,5.0,
William Hardin,Fire HD 6 Tablet,5.0,
Earthling1984,Fire HD 6 Tablet,5.0,
Mike W.,Fire HD 6 Tablet,5.0,
Mike W.,Fire HD 6 Tablet,5.0,
William Hardin,Fire HD 6 Tablet,5.0,
D. Miyao,Amazon Echo Dot Case (fits Echo Dot 2nd Generation only) - Midnight Leather,5.0,2017-01-30 00:00:00+00:00
dm,Amazon Echo Dot Case (fits Echo Dot 2nd Generation only) - Midnight Leather,5.0,2016-11-06 00:00:00+00:00
Corey Clarke,Amazon Echo Dot Case (fits Echo Dot 2nd Generation only) - Midnight Leather,4.0,2016-11-11 00:00:00+00:00
A.C,Amazon Echo Dot Case (fits Echo Dot 2nd Generation only) - Midnight Leather,5.0,2016-11-28 00:00:00+00:00
Vincent Pompei,Amazon Echo Dot Case (fits Echo Dot 2nd Generation only) - Midnight Leather,3.0,2016-11-17 00:00:00+00:00
Bob,Amazon Echo Dot Case (fits Echo Dot 2nd Generation only) - Midnight Leather,5.0,2017-04-20 00:00:00+00:00
JB 85,Amazon Echo Dot Case (fits Echo Dot 2nd Generation only) - Midnight Leather,5.0,2017-01-12 00:00:00+00:00
C. Morrow,Amazon Echo Dot Case (fits Echo Dot 2nd Generation only) - Midnight Leather,5.0,
D. Miyao,Amazon Echo Dot Case (fits Echo Dot 2nd Generation only) - Midnight Leather,5.0,2017-01-30 00:00:00+00:00
Ryan,Amazon Echo Dot Case (fits Echo Dot 2nd Generation only) - Midnight Leather,5.0,2017-01-11 00:00:00+00:00
C. Wegenka,All-New Amazon Kid-Proof Case for Amazon Fire HD 8 Tablet (7th Generation,5.0,
gretchen fraley,All-New Amazon Kid-Proof Case for Amazon Fire HD 8 Tablet (7th Generation,5.0,2017-07-22 00:00:00+00:00
Betty Jaggers,All-New Amazon Kid-Proof Case for Amazon Fire HD 8 Tablet (7th Generation,5.0,2017-06-28 00:00:00+00:00
Robyn R Larkin,All-New Amazon Kid-Proof Case for Amazon Fire HD 8 Tablet (7th Generation,5.0,2017-07-18 00:00:00+00:00
Laura Duran,All-New Amazon Kid-Proof Case for Amazon Fire HD 8 Tablet (7th Generation,5.0,2017-06-28 00:00:00+00:00
arual2384,All-New Amazon Kid-Proof Case for Amazon Fire HD 8 Tablet (7th Generation,5.0,2017-07-21 00:00:00+00:00
Jacob St Peter,All-New Amazon Kid-Proof Case for Amazon Fire HD 8 Tablet (7th Generation,5.0,
Kindle Customer,All-New Amazon Kid-Proof Case for Amazon Fire HD 8 Tablet (7th Generation,5.0,2017-07-21 00:00:00+00:00
Carrie Dendy,All-New Amazon Kid-Proof Case for Amazon Fire HD 8 Tablet (7th Generation,5.0,2017-07-19 00:00:00+00:00
Brett,All-New Amazon Kid-Proof Case for Amazon Fire HD 8 Tablet (7th Generation,5.0,2017-06-30 00:00:00+00:00
Kindle Customer,All-New Amazon Kid-Proof Case for Amazon Fire HD 8 Tablet (7th Generation,5.0,2017-06-14 00:00:00+00:00
Rachel,All-New Amazon Kid-Proof Case for Amazon Fire HD 8 Tablet (7th Generation,5.0,2017-06-12 00:00:00+00:00
Desert Rat,Fire HD 8 Tablet with Alexa,5.0,2016-09-24 00:00:00+00:00
MaGold,Fire HD 8 Tablet with Alexa,5.0,
RaVen,Fire HD 8 Tablet with Alexa,4.0,
Shira Sandford,All-New Fire HD 8 Kids Edition Tablet,5.0,2017-06-10 00:00:00+00:00
Amazon Customer,All-New Fire HD 8 Kids Edition Tablet,5.0,2017-06-16 00:00:00+00:00
Tech Insider,All-New Fire HD 8 Kids Edition Tablet,5.0,
J. Welch,All-New Fire HD 8 Kids Edition Tablet,5.0,2017-06-09 00:00:00+00:00
Amazon Customer,Kindle for Kids Bundle with the latest Kindle E-reader,3.0,2017-01-17 00:00:00+00:00
Anna,Kindle for Kids Bundle with the latest Kindle E-reader,5.0,2016-11-04 00:00:00+00:00
Bookie Monster,Kindle for Kids Bundle with the latest Kindle E-reader,5.0,2017-02-16 00:00:00+00:00
Devin,Kindle for Kids Bundle with the latest Kindle E-reader,5.0,2017-03-31 00:00:00+00:00
DC Mom,Kindle for Kids Bundle with the latest Kindle E-reader,3.0,2017-04-17 00:00:00+00:00
KimberlyinMN,Kindle for Kids Bundle with the latest Kindle E-reader,5.0,2016-10-13 00:00:00+00:00
D. Miyao,Amazon Echo Dot Case (fits Echo Dot 2nd Generation only) - Charcoal Fabric,5.0,2017-01-30 00:00:00+00:00
dm,Amazon Echo Dot Case (fits Echo Dot 2nd Generation only) - Charcoal Fabric,5.0,2016-11-06 00:00:00+00:00
Corey Clarke,Amazon Echo Dot Case (fits Echo Dot 2nd Generation only) - Charcoal Fabric,4.0,2016-11-11 00:00:00+00:00
A.C,Amazon Echo Dot Case (fits Echo Dot 2nd Generation only) - Charcoal Fabric,5.0,2016-11-28 00:00:00+00:00
Vincent Pompei,Amazon Echo Dot Case (fits Echo Dot 2nd Generation only) - Charcoal Fabric,3.0,2016-11-17 00:00:00+00:00
Bob,Amazon Echo Dot Case (fits Echo Dot 2nd Generation only) - Charcoal Fabric,5.0,2017-04-20 00:00:00+00:00
JB 85,Amazon Echo Dot Case (fits Echo Dot 2nd Generation only) - Charcoal Fabric,5.0,2017-01-12 00:00:00+00:00
C. Morrow,Amazon Echo Dot Case (fits Echo Dot 2nd Generation only) - Charcoal Fabric,5.0,
Ryan,Amazon Echo Dot Case (fits Echo Dot 2nd Generation only) - Charcoal Fabric,5.0,2017-01-11 00:00:00+00:00
D. Miyao,Amazon Echo Dot Case (fits Echo Dot 2nd Generation only) - Charcoal Fabric,5.0,2017-01-30 00:00:00+00:00
Tech Insider,All-New Fire 7 Kids Edition Tablet,5.0,
Urduja,All-New Fire 7 Kids Edition Tablet,5.0,2017-06-13 00:00:00+00:00
Alex Yandukin,All-New Fire 7 Kids Edition Tablet,5.0,2017-06-14 00:00:00+00:00
Amazon Customer,All-New Fire 7 Kids Edition Tablet,4.0,2017-06-27 00:00:00+00:00
Knicky,All-New Fire 7 Kids Edition Tablet,5.0,2017-06-09 00:00:00+00:00
TL,"Kindle Fire HD 7""",4.0,2012-09-17 00:00:00+00:00
NicoleReviewsItAll,"Kindle Fire HD 7""",5.0,2012-09-17 00:00:00+00:00
wadas1989,"Kindle Fire HD 7""",5.0,2016-08-23 00:00:00+00:00
DBoogie,"Kindle Fire HD 7""",4.0,2012-10-07 00:00:00+00:00
NF,"Kindle Fire HD 7""",4.0,
MarkM,"Kindle Fire HD 7""",5.0,2013-10-04 00:00:00+00:00
Christine Abraham,"Kindle Fire HD 7""",5.0,
NF,"Kindle Fire HD 7""",4.0,
MarkM,"Kindle Fire HD 7""",5.0,2013-10-04 00:00:00+00:00
NF,"Kindle Fire HD 7""",4.0,
Judy Schechter,"Kindle Fire HD 7""",4.0,2013-10-04 00:00:00+00:00
NF,"Kindle Fire HD 7""",4.0,
J. Chambers,Kindle Paperwhite,5.0,
JJCEO,Kindle Paperwhite,5.0,
D. Carlson,Kindle Paperwhite,3.0,
Phil (not) in Magnolia,All-New Fire 7 Tablet with Alexa,4.0,
t. mcgritty,All-New Fire 7 Tablet with Alexa,5.0,2017-06-10 00:00:00+00:00
MWebb,All-New Fire 7 Tablet with Alexa,5.0,2017-06-12 00:00:00+00:00
P'uie,All-New Fire 7 Tablet with Alexa,5.0,2017-06-16 00:00:00+00:00
Roy Estaris,Echo Dot (2nd Generation) - Black,5.0,2016-12-01 00:00:00+00:00
DJ,Echo Dot (2nd Generation) - Black,5.0,
Bryant R.,Echo Dot (2nd Generation) - Black,5.0,2017-01-10 00:00:00+00:00
Lucky Jason,Echo Dot (2nd Generation) - Black,5.0,2017-06-01 00:00:00+00:00
Amazon and AmazonPrime Rock!,Echo Dot (2nd Generation) - Black,5.0,2017-07-07 00:00:00+00:00
RaVen,Echo Dot (2nd Generation) - Black,5.0,
Matthew Johnson,Echo Dot (2nd Generation) - Black,1.0,
Roy Estaris,Echo Dot (2nd Generation) - Black,5.0,2016-12-01 00:00:00+00:00
DJ,Echo Dot (2nd Generation) - Black,5.0,
Bryant R.,Echo Dot (2nd Generation) - Black,5.0,2017-01-10 00:00:00+00:00
Roy Estaris,Echo Dot (2nd Generation) - Black,5.0,2016-12-01 00:00:00+00:00
Roy Estaris,Echo Dot (2nd Generation) - Black,5.0,2016-12-01 00:00:00+00:00
Bryant R.,Echo Dot (2nd Generation) - Black,5.0,2017-01-10 00:00:00+00:00
G.Hulse,Fire Tablet with Alexa,5.0,2015-10-02 00:00:00+00:00
TM massage,Fire Tablet with Alexa,5.0,
Darren Levine,Fire Tablet with Alexa,4.0,
Michael S,Amazon Echo - Black,5.0,
Alex S,Amazon Echo - Black,5.0,
Michael Davis,Amazon Echo - Black,5.0,2017-02-19 00:00:00+00:00
Michael S,Amazon Echo - Black,5.0,
Michael S,Amazon Echo - Black,5.0,
Alex S,Amazon Echo - Black,5.0,
E. M. Foner (SciFi Author),Amazon Echo - Black,5.0,2015-06-23 00:00:00+00:00
Michael S,Amazon Echo - Black,5.0,
Alex S,Amazon Echo - Black,5.0,
J. Chambers,Kindle Paperwhite,5.0,
JJCEO,Kindle Paperwhite,5.0,
D. Carlson,Kindle Paperwhite,3.0,
J-Ro!,Kindle Paperwhite,5.0,2013-12-30 00:00:00+00:00
Amazon Reviewer,"Kindle Fire HDX 7""",4.0,2013-10-23 00:00:00+00:00
NF,"Kindle Fire HDX 7""",5.0,
Del,"Kindle Fire HDX 7""",4.0,2014-09-15 00:00:00+00:00
Michael Gallagher,"Kindle Fire HDX 7""",4.0,
Michael Gallagher,"Kindle Fire HDX 7""",4.0,2013-10-18 05:00:00+00:00
NF,"Kindle Fire HDX 7""",5.0,2013-10-19 05:00:00+00:00
NF,"Kindle Fire HDX 7""",5.0,2013-10-19 05:00:00+00:00
Michael Gallagher,"Kindle Fire HDX 7""",4.0,2013-10-18 05:00:00+00:00
NF,"Kindle Fire HDX 7""",5.0,
NF,"Kindle Fire HDX 7""",5.0,
Michael Gallagher,"Kindle Fire HDX 7""",4.0,
Amazon Reviewer,"Kindle Fire HDX 7""",4.0,2013-10-23 00:00:00+00:00
Amazon Reviewer,"Kindle Fire HDX 7""",4.0,2013-10-23 00:00:00+00:00
Michael Gallagher,"Kindle Fire HDX 7""",4.0,
NF,"Kindle Fire HDX 7""",5.0,
Amazon Reviewer,"Kindle Fire HDX 7""",4.0,2013-10-23 00:00:00+00:00
Amazon Reviewer,"Kindle Fire HDX 7""",4.0,2013-10-23 00:00:00+00:00
NF,"Kindle Fire HDX 7""",5.0,
Amazon Reviewer,"Kindle Fire HDX 7""",4.0,2013-10-23 00:00:00+00:00
NF,"Kindle Fire HDX 7""",5.0,
Amazon Reviewer,"Kindle Fire HDX 7""",4.0,2013-10-23 00:00:00+00:00
Michael Gallagher,"Kindle Fire HDX 7""",4.0,2013-10-18 05:00:00+00:00
NF,"Kindle Fire HDX 7""",5.0,2013-10-19 05:00:00+00:00
Deanokat,Amazon Tap - Alexa-Enabled Portable Bluetooth Speaker,5.0,
Heather A,Amazon Tap - Alexa-Enabled Portable Bluetooth Speaker,5.0,2016-04-05 00:00:00+00:00
Quentin Moore,Amazon Tap - Alexa-Enabled Portable Bluetooth Speaker,5.0,
Casey,Amazon Tap - Alexa-Enabled Portable Bluetooth Speaker,5.0,2016-05-31 00:00:00+00:00
Tazman3582,Amazon Tap - Alexa-Enabled Portable Bluetooth Speaker,5.0,2016-05-30 00:00:00+00:00
25Firefighter,Amazon Tap - Alexa-Enabled Portable Bluetooth Speaker,5.0,2016-09-10 00:00:00+00:00
CraigJ5974,Amazon Tap - Alexa-Enabled Portable Bluetooth Speaker,5.0,2016-09-10 00:00:00+00:00
JBD1,Amazon Tap - Alexa-Enabled Portable Bluetooth Speaker,5.0,2016-09-09 00:00:00+00:00
Solserfr,Amazon Tap - Alexa-Enabled Portable Bluetooth Speaker,4.0,2016-09-09 00:00:00+00:00
barry,Amazon Tap - Alexa-Enabled Portable Bluetooth Speaker,5.0,2016-09-09 00:00:00+00:00
Akrin,Amazon Tap - Alexa-Enabled Portable Bluetooth Speaker,5.0,2016-09-09 00:00:00+00:00
Frangelica,Amazon Tap - Alexa-Enabled Portable Bluetooth Speaker,5.0,2016-09-09 00:00:00+00:00
Czer,Amazon Tap - Alexa-Enabled Portable Bluetooth Speaker,5.0,2016-09-09 00:00:00+00:00
evolracing,Amazon Tap - Alexa-Enabled Portable Bluetooth Speaker,5.0,2017-07-15 00:00:00+00:00
Jdnlex,Amazon Tap - Alexa-Enabled Portable Bluetooth Speaker,5.0,2017-07-14 00:00:00+00:00
1234,Amazon Tap - Alexa-Enabled Portable Bluetooth Speaker,4.0,2017-07-14 00:00:00+00:00
Brustman,Amazon Tap - Alexa-Enabled Portable Bluetooth Speaker,5.0,2017-07-14 00:00:00+00:00
1soni,Amazon Tap - Alexa-Enabled Portable Bluetooth Speaker,5.0,2017-07-14 00:00:00+00:00
Abelitonj,Amazon Tap - Alexa-Enabled Portable Bluetooth Speaker,5.0,2017-07-14 00:00:00+00:00
BigT,Amazon Tap - Alexa-Enabled Portable Bluetooth Speaker,4.0,2017-07-14 00:00:00+00:00
Meme,Amazon Tap - Alexa-Enabled Portable Bluetooth Speaker,4.0,2017-07-14 00:00:00+00:00
Boschbeliever,Amazon Tap - Alexa-Enabled Portable Bluetooth Speaker,5.0,2017-07-09 00:00:00+00:00
Willie4,Amazon Tap - Alexa-Enabled Portable Bluetooth Speaker,5.0,2017-07-09 00:00:00+00:00
Diva42,Amazon Tap - Alexa-Enabled Portable Bluetooth Speaker,5.0,2017-07-09 00:00:00+00:00
OfDVine,Amazon Tap - Alexa-Enabled Portable Bluetooth Speaker,4.0,2017-07-08 00:00:00+00:00
redluong,Amazon Tap - Alexa-Enabled Portable Bluetooth Speaker,5.0,2017-07-07 00:00:00+00:00
Preacherman,Amazon Tap - Alexa-Enabled Portable Bluetooth Speaker,5.0,2017-07-07 00:00:00+00:00
Pogera,Amazon Tap - Alexa-Enabled Portable Bluetooth Speaker,2.0,2017-07-07 00:00:00+00:00
Mike,Amazon Tap - Alexa-Enabled Portable Bluetooth Speaker,5.0,2017-07-02 00:00:00+00:00
Ceairra,Amazon Tap - Alexa-Enabled Portable Bluetooth Speaker,5.0,2017-07-19 00:00:00+00:00
TJay,Amazon Tap - Alexa-Enabled Portable Bluetooth Speaker,4.0,2017-07-19 00:00:00+00:00
Fenn0316,Amazon Tap - Alexa-Enabled Portable Bluetooth Speaker,5.0,2017-07-19 00:00:00+00:00
Neeko,Amazon Tap - Alexa-Enabled Portable Bluetooth Speaker,4.0,2017-07-19 00:00:00+00:00
5bros,Amazon Tap - Alexa-Enabled Portable Bluetooth Speaker,4.0,2017-07-19 00:00:00+00:00
Scottlyn,Amazon Tap - Alexa-Enabled Portable Bluetooth Speaker,5.0,2017-07-19 00:00:00+00:00
Moms,Amazon Tap - Alexa-Enabled Portable Bluetooth Speaker,5.0,2017-07-16 00:00:00+00:00
Rick,Amazon Tap - Alexa-Enabled Portable Bluetooth Speaker,5.0,2017-07-15 00:00:00+00:00
PapaC,Amazon Tap - Alexa-Enabled Portable Bluetooth Speaker,5.0,2017-07-31 00:00:00+00:00
Jvier,Amazon Tap - Alexa-Enabled Portable Bluetooth Speaker,2.0,2017-07-29 00:00:00+00:00
TheTravelerRN,Amazon Tap - Alexa-Enabled Portable Bluetooth Speaker,5.0,2017-07-28 00:00:00+00:00
LARudi,Amazon Tap - Alexa-Enabled Portable Bluetooth Speaker,5.0,2017-07-28 00:00:00+00:00
Will,Amazon Tap - Alexa-Enabled Portable Bluetooth Speaker,5.0,2017-07-28 00:00:00+00:00
DaddyLife,Amazon Tap - Alexa-Enabled Portable Bluetooth Speaker,5.0,2017-07-22 00:00:00+00:00
hulio5,Amazon Tap - Alexa-Enabled Portable Bluetooth Speaker,3.0,2017-07-21 00:00:00+00:00
Flutterbye216,Amazon Tap - Alexa-Enabled Portable Bluetooth Speaker,5.0,2017-07-21 00:00:00+00:00
smvere,Amazon Tap - Alexa-Enabled Portable Bluetooth Speaker,5.0,2017-07-01 00:00:00+00:00
Cable,Amazon Tap - Alexa-Enabled Portable Bluetooth Speaker,5.0,2017-06-30 00:00:00+00:00
mimi,Amazon Tap - Alexa-Enabled Portable Bluetooth Speaker,5.0,2017-06-30 00:00:00+00:00
Noshowcharlie,Amazon Tap - Alexa-Enabled Portable Bluetooth Speaker,5.0,2017-06-30 00:00:00+00:00
AC118,Amazon Tap - Alexa-Enabled Portable Bluetooth Speaker,5.0,2017-06-26 00:00:00+00:00
Bigglare,Amazon Tap - Alexa-Enabled Portable Bluetooth Speaker,5.0,2017-06-25 00:00:00+00:00
Cinzia,Amazon Tap - Alexa-Enabled Portable Bluetooth Speaker,4.0,2017-06-24 00:00:00+00:00
Porsche4me,Amazon Tap - Alexa-Enabled Portable Bluetooth Speaker,5.0,2017-05-31 00:00:00+00:00
GadgetGirl,Amazon Tap - Alexa-Enabled Portable Bluetooth Speaker,4.0,2017-05-27 00:00:00+00:00
Stevarino,Amazon Tap - Alexa-Enabled Portable Bluetooth Speaker,5.0,2017-05-27 00:00:00+00:00
Susie,Amazon Tap - Alexa-Enabled Portable Bluetooth Speaker,5.0,2017-05-27 00:00:00+00:00
BestBuyjukie,Amazon Tap - Alexa-Enabled Portable Bluetooth Speaker,4.0,2017-05-26 00:00:00+00:00
HBSurferMan85,Amazon Tap - Alexa-Enabled Portable Bluetooth Speaker,5.0,2017-05-22 00:00:00+00:00
Terri,Amazon Tap - Alexa-Enabled Portable Bluetooth Speaker,5.0,2017-05-20 00:00:00+00:00
cecook82,Amazon Tap - Alexa-Enabled Portable Bluetooth Speaker,5.0,2017-05-19 00:00:00+00:00
Franco,Amazon Tap - Alexa-Enabled Portable Bluetooth Speaker,5.0,2017-05-12 00:00:00+00:00
Dave845,Amazon Tap - Alexa-Enabled Portable Bluetooth Speaker,5.0,2017-05-07 00:00:00+00:00
Jimmy,Amazon Tap - Alexa-Enabled Portable Bluetooth Speaker,5.0,2017-05-06 00:00:00+00:00
Louieg,Amazon Tap - Alexa-Enabled Portable Bluetooth Speaker,5.0,2017-05-05 00:00:00+00:00
Caboman,Amazon Tap - Alexa-Enabled Portable Bluetooth Speaker,5.0,2017-05-05 00:00:00+00:00
AMA2,Amazon Tap - Alexa-Enabled Portable Bluetooth Speaker,4.0,2017-05-05 00:00:00+00:00
ts120,Amazon Tap - Alexa-Enabled Portable Bluetooth Speaker,4.0,2017-05-04 00:00:00+00:00
Luvlyone,Amazon Tap - Alexa-Enabled Portable Bluetooth Speaker,5.0,2017-05-04 00:00:00+00:00
Kevin6868,Amazon Tap - Alexa-Enabled Portable Bluetooth Speaker,5.0,2017-04-14 00:00:00+00:00
Evelyn1,Amazon Tap - Alexa-Enabled Portable Bluetooth Speaker,5.0,2017-04-14 00:00:00+00:00
JustOneMan,Amazon Tap - Alexa-Enabled Portable Bluetooth Speaker,5.0,2017-04-11 00:00:00+00:00
Scot,Amazon Tap - Alexa-Enabled Portable Bluetooth Speaker,2.0,2017-04-10 00:00:00+00:00
Buckeyew,Amazon Tap - Alexa-Enabled Portable Bluetooth Speaker,5.0,2017-04-08 00:00:00+00:00
Luvlymissez16,Amazon Tap - Alexa-Enabled Portable Bluetooth Speaker,5.0,2017-04-08 00:00:00+00:00
Werda64,Amazon Tap - Alexa-Enabled Portable Bluetooth Speaker,5.0,2017-04-08 00:00:00+00:00
BobbyG,Amazon Tap - Alexa-Enabled Portable Bluetooth Speaker,5.0,2017-04-08 00:00:00+00:00
Lanette,Amazon Tap - Alexa-Enabled Portable Bluetooth Speaker,5.0,2017-04-22 00:00:00+00:00
Littledavila,Amazon Tap - Alexa-Enabled Portable Bluetooth Speaker,5.0,2017-04-22 00:00:00+00:00
Alexgsp,Amazon Tap - Alexa-Enabled Portable Bluetooth Speaker,4.0,2017-04-21 00:00:00+00:00
Outofcrayons,Amazon Tap - Alexa-Enabled Portable Bluetooth Speaker,4.0,2017-04-15 00:00:00+00:00
JeffM,Amazon Tap - Alexa-Enabled Portable Bluetooth Speaker,4.0,2017-04-15 00:00:00+00:00
funfam3,Amazon Tap - Alexa-Enabled Portable Bluetooth Speaker,5.0,2017-04-15 00:00:00+00:00
Good,Amazon Tap - Alexa-Enabled Portable Bluetooth Speaker,4.0,2017-04-14 00:00:00+00:00
clc4912,Amazon Tap - Alexa-Enabled Portable Bluetooth Speaker,5.0,2017-04-14 00:00:00+00:00
NTKramer,Amazon Tap - Alexa-Enabled Portable Bluetooth Speaker,5.0,2016-09-10 00:00:00+00:00
DK10,Amazon Tap - Alexa-Enabled Portable Bluetooth Speaker,4.0,2016-09-10 00:00:00+00:00
Edelenjacob,Amazon Tap - Alexa-Enabled Portable Bluetooth Speaker,5.0,2017-04-08 00:00:00+00:00
SuperNintendoChalmers,Amazon Tap - Alexa-Enabled Portable Bluetooth Speaker,5.0,2017-04-30 00:00:00+00:00
denny,Amazon Tap - Alexa-Enabled Portable Bluetooth Speaker,4.0,2017-04-30 00:00:00+00:00
BKKTH,Amazon Tap - Alexa-Enabled Portable Bluetooth Speaker,4.0,2017-04-29 00:00:00+00:00
IceisMN612,Amazon Tap - Alexa-Enabled Portable Bluetooth Speaker,5.0,2017-04-28 00:00:00+00:00
Jusandy25,Amazon Tap - Alexa-Enabled Portable Bluetooth Speaker,5.0,2017-04-28 00:00:00+00:00
Sevirj89,Amazon Tap - Alexa-Enabled Portable Bluetooth Speaker,5.0,2017-04-28 00:00:00+00:00
bill,Amazon Tap - Alexa-Enabled Portable Bluetooth Speaker,4.0,2017-04-27 00:00:00+00:00
Jeepster,Amazon Tap - Alexa-Enabled Portable Bluetooth Speaker,1.0,2017-05-03 00:00:00+00:00
John,Amazon Tap - Alexa-Enabled Portable Bluetooth Speaker,5.0,2017-05-17 00:00:00+00:00
Blaze,Amazon Tap - Alexa-Enabled Portable Bluetooth Speaker,3.0,2017-05-17 00:00:00+00:00
Mom2Kingston,Amazon Tap - Alexa-Enabled Portable Bluetooth Speaker,5.0,2017-05-17 00:00:00+00:00
Venti,Amazon Tap - Alexa-Enabled Portable Bluetooth Speaker,5.0,2017-05-13 00:00:00+00:00
Collygirl,Amazon Tap - Alexa-Enabled Portable Bluetooth Speaker,4.0,2017-05-13 00:00:00+00:00
Bertram,Amazon Tap - Alexa-Enabled Portable Bluetooth Speaker,5.0,2017-05-12 00:00:00+00:00
Rocky,Amazon Tap - Alexa-Enabled Portable Bluetooth Speaker,4.0,2017-04-07 00:00:00+00:00
Missy,Amazon Tap - Alexa-Enabled Portable Bluetooth Speaker,5.0,2017-04-07 00:00:00+00:00
robo,Amazon Tap - Alexa-Enabled Portable Bluetooth Speaker,5.0,2017-04-07 00:00:00+00:00
MikeG,Amazon Tap - Alexa-Enabled Portable Bluetooth Speaker,4.0,2017-04-07 00:00:00+00:00
dwd3885,Amazon Tap - Alexa-Enabled Portable Bluetooth Speaker,5.0,2017-04-07 00:00:00+00:00
Karl,Amazon Tap - Alexa-Enabled Portable Bluetooth Speaker,4.0,2017-04-04 00:00:00+00:00
Kenny,Amazon Tap - Alexa-Enabled Portable Bluetooth Speaker,5.0,2017-04-03 00:00:00+00:00
Player99,Amazon Tap - Alexa-Enabled Portable Bluetooth Speaker,5.0,2017-04-01 00:00:00+00:00
Jpsdrivesfast,Amazon Tap - Alexa-Enabled Portable Bluetooth Speaker,5.0,2017-03-16 00:00:00+00:00
Rabah,Amazon Tap - Alexa-Enabled Portable Bluetooth Speaker,5.0,2017-03-16 00:00:00+00:00
CPLPUN,Amazon Tap - Alexa-Enabled Portable Bluetooth Speaker,5.0,2017-03-16 00:00:00+00:00
Vstorageerich,Amazon Tap - Alexa-Enabled Portable Bluetooth Speaker,5.0,2017-03-16 00:00:00+00:00
Beke,Amazon Tap - Alexa-Enabled Portable Bluetooth Speaker,5.0,2017-03-16 00:00:00+00:00
Philme,Amazon Tap - Alexa-Enabled Portable Bluetooth Speaker,5.0,2017-03-16 00:00:00+00:00
Chris201,Amazon Tap - Alexa-Enabled Portable Bluetooth Speaker,4.0,2017-03-15 00:00:00+00:00
Jenn,Amazon Tap - Alexa-Enabled Portable Bluetooth Speaker,4.0,2017-03-15 00:00:00+00:00
1215,Amazon Tap - Alexa-Enabled Portable Bluetooth Speaker,5.0,2017-03-31 00:00:00+00:00
Pick,Amazon Tap - Alexa-Enabled Portable Bluetooth Speaker,5.0,2017-03-31 00:00:00+00:00
Davesmith82,Amazon Tap - Alexa-Enabled Portable Bluetooth Speaker,5.0,2017-03-31 00:00:00+00:00
MikeNof,Amazon Tap - Alexa-Enabled Portable Bluetooth Speaker,5.0,2017-03-31 00:00:00+00:00
Hunter,Amazon Tap - Alexa-Enabled Portable Bluetooth Speaker,5.0,2017-03-27 00:00:00+00:00
Saulny,Amazon Tap - Alexa-Enabled Portable Bluetooth Speaker,5.0,2017-03-26 00:00:00+00:00
RVCOS,Amazon Tap - Alexa-Enabled Portable Bluetooth Speaker,4.0,2017-03-26 00:00:00+00:00
SamMan,Amazon Tap - Alexa-Enabled Portable Bluetooth Speaker,5.0,2017-03-25 00:00:00+00:00
WKKA,Amazon Tap - Alexa-Enabled Portable Bluetooth Speaker,5.0,2017-03-15 00:00:00+00:00
Maria,Amazon Tap - Alexa-Enabled Portable Bluetooth Speaker,5.0,2017-03-15 00:00:00+00:00
wax0pal,Amazon Tap - Alexa-Enabled Portable Bluetooth Speaker,4.0,2017-03-15 00:00:00+00:00
Robbie,Amazon Tap - Alexa-Enabled Portable Bluetooth Speaker,5.0,2017-03-15 00:00:00+00:00
Tapmethis,Amazon Tap - Alexa-Enabled Portable Bluetooth Speaker,5.0,2017-03-15 00:00:00+00:00
ricanaustin,Amazon Tap - Alexa-Enabled Portable Bluetooth Speaker,5.0,2017-03-15 00:00:00+00:00
Tttt,Amazon Tap - Alexa-Enabled Portable Bluetooth Speaker,5.0,2017-03-15 00:00:00+00:00
Mike,Amazon Tap - Alexa-Enabled Portable Bluetooth Speaker,4.0,2017-03-15 00:00:00+00:00
JPS71,Amazon Tap - Alexa-Enabled Portable Bluetooth Speaker,5.0,2017-03-23 00:00:00+00:00
Rich,Amazon Tap - Alexa-Enabled Portable Bluetooth Speaker,4.0,2017-03-18 00:00:00+00:00
Pete,Amazon Tap - Alexa-Enabled Portable Bluetooth Speaker,5.0,2017-03-18 00:00:00+00:00
Paul,Amazon Tap - Alexa-Enabled Portable Bluetooth Speaker,5.0,2017-03-18 00:00:00+00:00
doclee,Amazon Tap - Alexa-Enabled Portable Bluetooth Speaker,4.0,2017-03-18 00:00:00+00:00
paul,Amazon Tap - Alexa-Enabled Portable Bluetooth Speaker,5.0,2017-03-17 00:00:00+00:00
Sassy,Amazon Tap - Alexa-Enabled Portable Bluetooth Speaker,5.0,2017-03-17 00:00:00+00:00
GPJR,Amazon Tap - Alexa-Enabled Portable Bluetooth Speaker,5.0,2017-03-17 00:00:00+00:00
bob2531,Amazon Tap - Alexa-Enabled Portable Bluetooth Speaker,3.0,2017-03-15 00:00:00+00:00
Cheryl,Amazon Tap - Alexa-Enabled Portable Bluetooth Speaker,4.0,2017-03-11 00:00:00+00:00
Mike,Amazon Tap - Alexa-Enabled Portable Bluetooth Speaker,4.0,2017-03-11 00:00:00+00:00
Savageks,Amazon Tap - Alexa-Enabled Portable Bluetooth Speaker,3.0,2017-03-11 00:00:00+00:00
marie,Amazon Tap - Alexa-Enabled Portable Bluetooth Speaker,3.0,2017-03-10 00:00:00+00:00
mrmystery,Amazon Tap - Alexa-Enabled Portable Bluetooth Speaker,5.0,2017-03-07 00:00:00+00:00
Np71,Amazon Tap - Alexa-Enabled Portable Bluetooth Speaker,5.0,2017-03-06 00:00:00+00:00
Happy,Amazon Tap - Alexa-Enabled Portable Bluetooth Speaker,5.0,2017-03-04 00:00:00+00:00
Alky,Amazon Tap - Alexa-Enabled Portable Bluetooth Speaker,5.0,2017-02-13 00:00:00+00:00
MaverickSmooth,Amazon Tap - Alexa-Enabled Portable Bluetooth Speaker,5.0,2017-02-11 00:00:00+00:00
MrGGarry,Amazon Tap - Alexa-Enabled Portable Bluetooth Speaker,4.0,2017-02-08 00:00:00+00:00
fatpants,Amazon Tap - Alexa-Enabled Portable Bluetooth Speaker,5.0,2017-02-08 00:00:00+00:00
BABYDURR,Amazon Tap - Alexa-Enabled Portable Bluetooth Speaker,4.0,2017-02-06 00:00:00+00:00
momof2,Amazon Tap - Alexa-Enabled Portable Bluetooth Speaker,2.0,2017-02-06 00:00:00+00:00
Steve,Amazon Tap - Alexa-Enabled Portable Bluetooth Speaker,5.0,2017-02-06 00:00:00+00:00
notoriouspip,Amazon Tap - Alexa-Enabled Portable Bluetooth Speaker,4.0,2017-02-06 00:00:00+00:00
betty883,Amazon Tap - Alexa-Enabled Portable Bluetooth Speaker,4.0,2017-03-01 00:00:00+00:00
RUGE777,Amazon Tap - Alexa-Enabled Portable Bluetooth Speaker,5.0,2017-02-25 00:00:00+00:00
TuxToaster,Amazon Tap - Alexa-Enabled Portable Bluetooth Speaker,5.0,2017-02-24 00:00:00+00:00
chris,Amazon Tap - Alexa-Enabled Portable Bluetooth Speaker,5.0,2017-02-24 00:00:00+00:00
Dave,Amazon Tap - Alexa-Enabled Portable Bluetooth Speaker,5.0,2017-02-18 00:00:00+00:00
JohnA,Amazon Tap - Alexa-Enabled Portable Bluetooth Speaker,5.0,2017-02-18 00:00:00+00:00
beezth,Amazon Tap - Alexa-Enabled Portable Bluetooth Speaker,4.0,2017-02-17 00:00:00+00:00
Nasa,Amazon Tap - Alexa-Enabled Portable Bluetooth Speaker,4.0,2017-02-14 00:00:00+00:00
BNBFan,Amazon Tap - Alexa-Enabled Portable Bluetooth Speaker,5.0,2017-02-14 00:00:00+00:00
Steve,Amazon Tap - Alexa-Enabled Portable Bluetooth Speaker,5.0,2017-02-14 00:00:00+00:00
cantuc,Amazon Tap - Alexa-Enabled Portable Bluetooth Speaker,4.0,2017-02-13 00:00:00+00:00
bossfan,Amazon Tap - Alexa-Enabled Portable Bluetooth Speaker,5.0,2017-02-13 00:00:00+00:00
MacG,Amazon Tap - Alexa-Enabled Portable Bluetooth Speaker,4.0,2017-02-13 00:00:00+00:00
fvsucat,Amazon Tap - Alexa-Enabled Portable Bluetooth Speaker,4.0,2017-02-13 00:00:00+00:00
Alexa,Amazon Tap - Alexa-Enabled Portable Bluetooth Speaker,4.0,2017-02-13 00:00:00+00:00
RugbyRef,Amazon Tap - Alexa-Enabled Portable Bluetooth Speaker,5.0,2017-02-13 00:00:00+00:00
cc2wclc,Amazon Tap - Alexa-Enabled Portable Bluetooth Speaker,5.0,2017-02-04 00:00:00+00:00
Mike,Amazon Tap - Alexa-Enabled Portable Bluetooth Speaker,4.0,2017-02-04 00:00:00+00:00
Rickyvic,Amazon Tap - Alexa-Enabled Portable Bluetooth Speaker,3.0,2017-02-04 00:00:00+00:00
Muzz2160,Amazon Tap - Alexa-Enabled Portable Bluetooth Speaker,4.0,2017-02-04 00:00:00+00:00
Justme,Amazon Tap - Alexa-Enabled Portable Bluetooth Speaker,3.0,2017-02-03 00:00:00+00:00
Nunyun345,Amazon Tap - Alexa-Enabled Portable Bluetooth Speaker,5.0,2017-02-03 00:00:00+00:00
cheeserat,Amazon Tap - Alexa-Enabled Portable Bluetooth Speaker,5.0,2017-02-03 00:00:00+00:00
Alan,Amazon Tap - Alexa-Enabled Portable Bluetooth Speaker,5.0,2017-02-03 00:00:00+00:00
Nick,Amazon Tap - Alexa-Enabled Portable Bluetooth Speaker,3.0,2017-01-30 00:00:00+00:00
minded,Amazon Tap - Alexa-Enabled Portable Bluetooth Speaker,4.0,2017-01-28 00:00:00+00:00
DaveGS,Amazon Tap - Alexa-Enabled Portable Bluetooth Speaker,4.0,2017-01-28 00:00:00+00:00
Kathy4901,Amazon Tap - Alexa-Enabled Portable Bluetooth Speaker,5.0,2017-01-28 00:00:00+00:00
oldschool,Amazon Tap - Alexa-Enabled Portable Bluetooth Speaker,4.0,2017-01-28 00:00:00+00:00
JustMe,Amazon Tap - Alexa-Enabled Portable Bluetooth Speaker,5.0,2017-01-27 00:00:00+00:00
tinkerbell2,Amazon Tap - Alexa-Enabled Portable Bluetooth Speaker,2.0,2017-01-27 00:00:00+00:00
Shaneab,Amazon Tap - Alexa-Enabled Portable Bluetooth Speaker,5.0,2017-01-25 00:00:00+00:00
cOBRA,Amazon Tap - Alexa-Enabled Portable Bluetooth Speaker,5.0,2017-02-03 00:00:00+00:00
Gizzard,Amazon Tap - Alexa-Enabled Portable Bluetooth Speaker,5.0,2017-02-03 00:00:00+00:00
ShayEric,Amazon Tap - Alexa-Enabled Portable Bluetooth Speaker,4.0,2017-02-03 00:00:00+00:00
Bamafever78,Amazon Tap - Alexa-Enabled Portable Bluetooth Speaker,5.0,2017-02-03 00:00:00+00:00
Alan,Amazon Tap - Alexa-Enabled Portable Bluetooth Speaker,5.0,2017-02-03 00:00:00+00:00
Jpalmer00,Amazon Tap - Alexa-Enabled Portable Bluetooth Speaker,5.0,2017-02-01 00:00:00+00:00
GeorgeO,Amazon Tap - Alexa-Enabled Portable Bluetooth Speaker,5.0,2017-01-30 00:00:00+00:00
Tony,Amazon Tap - Alexa-Enabled Portable Bluetooth Speaker,5.0,2017-01-30 00:00:00+00:00
BigToe,Amazon Tap - Alexa-Enabled Portable Bluetooth Speaker,5.0,2017-01-24 00:00:00+00:00
Dcmurphy1515,Amazon Tap - Alexa-Enabled Portable Bluetooth Speaker,5.0,2017-01-24 00:00:00+00:00
Ohellknow,Amazon Tap - Alexa-Enabled Portable Bluetooth Speaker,3.0,2017-01-24 00:00:00+00:00
danmiller,Amazon Tap - Alexa-Enabled Portable Bluetooth Speaker,5.0,2017-01-24 00:00:00+00:00
Janet,Amazon Tap - Alexa-Enabled Portable Bluetooth Speaker,5.0,2017-01-23 00:00:00+00:00
samboo,Amazon Tap - Alexa-Enabled Portable Bluetooth Speaker,4.0,2017-01-23 00:00:00+00:00
str4920,Amazon Tap - Alexa-Enabled Portable Bluetooth Speaker,4.0,2017-01-23 00:00:00+00:00
jaxnvilleguy,Amazon Tap - Alexa-Enabled Portable Bluetooth Speaker,5.0,2017-01-23 00:00:00+00:00
Dave3635,Amazon Tap - Alexa-Enabled Portable Bluetooth Speaker,4.0,2017-01-23 00:00:00+00:00
apple21man,Amazon Tap - Alexa-Enabled Portable Bluetooth Speaker,5.0,2017-01-23 00:00:00+00:00
Bandit,Amazon Tap - Alexa-Enabled Portable Bluetooth Speaker,5.0,2017-01-23 00:00:00+00:00
marathonman,Amazon Tap - Alexa-Enabled Portable Bluetooth Speaker,5.0,2017-01-23 00:00:00+00:00
Friend,Amazon Tap - Alexa-Enabled Portable Bluetooth Speaker,5.0,2017-01-23 00:00:00+00:00
jimbo,Amazon Tap - Alexa-Enabled Portable Bluetooth Speaker,5.0,2017-01-23 00:00:00+00:00
Breezy,Amazon Tap - Alexa-Enabled Portable Bluetooth Speaker,3.0,2017-01-23 00:00:00+00:00
Maryann,Amazon Tap - Alexa-Enabled Portable Bluetooth Speaker,5.0,2017-01-23 00:00:00+00:00
father,Amazon Tap - Alexa-Enabled Portable Bluetooth Speaker,5.0,2017-01-23 00:00:00+00:00
Loretta,Amazon Tap - Alexa-Enabled Portable Bluetooth Speaker,5.0,2017-01-23 00:00:00+00:00
Gdub61,Amazon Tap - Alexa-Enabled Portable Bluetooth Speaker,5.0,2017-01-23 00:00:00+00:00
Gerald,Amazon Tap - Alexa-Enabled Portable Bluetooth Speaker,3.0,2017-01-23 00:00:00+00:00
Supahfree,Amazon Tap - Alexa-Enabled Portable Bluetooth Speaker,5.0,2017-01-23 00:00:00+00:00
Rick,Amazon Tap - Alexa-Enabled Portable Bluetooth Speaker,5.0,2017-01-23 00:00:00+00:00
Denverbrian,Amazon Tap - Alexa-Enabled Portable Bluetooth Speaker,3.0,2017-01-23 00:00:00+00:00
kmshirley,Amazon Tap - Alexa-Enabled Portable Bluetooth Speaker,5.0,2017-01-23 00:00:00+00:00
chloe,Amazon Tap - Alexa-Enabled Portable Bluetooth Speaker,5.0,2017-01-18 00:00:00+00:00
Janderson10,Amazon Tap - Alexa-Enabled Portable Bluetooth Speaker,4.0,2017-01-18 00:00:00+00:00
tbandit64,Amazon Tap - Alexa-Enabled Portable Bluetooth Speaker,5.0,2017-01-18 00:00:00+00:00
str4920,Amazon Tap - Alexa-Enabled Portable Bluetooth Speaker,5.0,2017-01-18 00:00:00+00:00
rater100,Amazon Tap - Alexa-Enabled Portable Bluetooth Speaker,5.0,2017-01-18 00:00:00+00:00
ERod,Amazon Tap - Alexa-Enabled Portable Bluetooth Speaker,5.0,2017-01-17 00:00:00+00:00
katniss,Amazon Tap - Alexa-Enabled Portable Bluetooth Speaker,5.0,2017-01-17 00:00:00+00:00
Johnnie,Amazon Tap - Alexa-Enabled Portable Bluetooth Speaker,5.0,2017-01-16 00:00:00+00:00
Calin44,Amazon Tap - Alexa-Enabled Portable Bluetooth Speaker,5.0,2017-01-21 00:00:00+00:00
SCHO,Amazon Tap - Alexa-Enabled Portable Bluetooth Speaker,3.0,2017-01-19 00:00:00+00:00
NeoBlaze,Amazon Tap - Alexa-Enabled Portable Bluetooth Speaker,5.0,2017-01-19 00:00:00+00:00
SLS09,Amazon Tap - Alexa-Enabled Portable Bluetooth Speaker,5.0,2017-01-18 00:00:00+00:00
Gaileod,Amazon Tap - Alexa-Enabled Portable Bluetooth Speaker,5.0,2017-01-18 00:00:00+00:00
Slamajama,Amazon Tap - Alexa-Enabled Portable Bluetooth Speaker,4.0,2017-01-18 00:00:00+00:00
rfran704,Amazon Tap - Alexa-Enabled Portable Bluetooth Speaker,5.0,2017-01-18 00:00:00+00:00
TinaV6201,Amazon Tap - Alexa-Enabled Portable Bluetooth Speaker,5.0,2017-01-18 00:00:00+00:00
In4dfun2,Amazon Tap - Alexa-Enabled Portable Bluetooth Speaker,5.0,2017-01-16 00:00:00+00:00
grandma,Amazon Tap - Alexa-Enabled Portable Bluetooth Speaker,5.0,2017-01-16 00:00:00+00:00
lntr4550,Amazon Tap - Alexa-Enabled Portable Bluetooth Speaker,5.0,2017-01-16 00:00:00+00:00
Wgnyfinest,Amazon Tap - Alexa-Enabled Portable Bluetooth Speaker,5.0,2017-01-14 00:00:00+00:00
TheOne,Amazon Tap - Alexa-Enabled Portable Bluetooth Speaker,5.0,2017-01-14 00:00:00+00:00
Jaspendlove,Amazon Tap - Alexa-Enabled Portable Bluetooth Speaker,3.0,2017-01-09 00:00:00+00:00
Ottoman,Amazon Tap - Alexa-Enabled Portable Bluetooth Speaker,4.0,2017-01-09 00:00:00+00:00
MAVERY11,Amazon Tap - Alexa-Enabled Portable Bluetooth Speaker,5.0,2017-01-09 00:00:00+00:00
grock2727,Amazon Tap - Alexa-Enabled Portable Bluetooth Speaker,4.0,2017-01-09 00:00:00+00:00
pickle,Amazon Tap - Alexa-Enabled Portable Bluetooth Speaker,4.0,2017-01-08 00:00:00+00:00
Tommy,Amazon Tap - Alexa-Enabled Portable Bluetooth Speaker,5.0,2017-01-08 00:00:00+00:00
Smooze3,Amazon Tap - Alexa-Enabled Portable Bluetooth Speaker,5.0,2017-01-08 00:00:00+00:00
Yeoman742,Amazon Tap - Alexa-Enabled Portable Bluetooth Speaker,3.0,2017-01-07 00:00:00+00:00
Louavulmike,Amazon Tap - Alexa-Enabled Portable Bluetooth Speaker,5.0,2017-01-07 00:00:00+00:00
SBgamer,Amazon Tap - Alexa-Enabled Portable Bluetooth Speaker,5.0,2017-01-07 00:00:00+00:00
Gmama,Amazon Tap - Alexa-Enabled Portable Bluetooth Speaker,5.0,2017-01-07 00:00:00+00:00
Herb,Amazon Tap - Alexa-Enabled Portable Bluetooth Speaker,5.0,2017-01-06 00:00:00+00:00
mike,Amazon Tap - Alexa-Enabled Portable Bluetooth Speaker,5.0,2017-01-06 00:00:00+00:00
pmcc,Amazon Tap - Alexa-Enabled Portable Bluetooth Speaker,5.0,2017-01-06 00:00:00+00:00
jvanderstel,Amazon Tap - Alexa-Enabled Portable Bluetooth Speaker,5.0,2017-01-06 00:00:00+00:00
p12345,Amazon Tap - Alexa-Enabled Portable Bluetooth Speaker,4.0,2017-01-06 00:00:00+00:00
brdlvr,Amazon Tap - Alexa-Enabled Portable Bluetooth Speaker,5.0,2017-01-06 00:00:00+00:00
Niceguy,Amazon Tap - Alexa-Enabled Portable Bluetooth Speaker,5.0,2017-01-06 00:00:00+00:00
sparkles,Amazon Tap - Alexa-Enabled Portable Bluetooth Speaker,4.0,2017-01-05 00:00:00+00:00
Kimber,Amazon Tap - Alexa-Enabled Portable Bluetooth Speaker,5.0,2017-01-07 00:00:00+00:00
Mitch,Amazon Tap - Alexa-Enabled Portable Bluetooth Speaker,4.0,2017-01-07 00:00:00+00:00
Susie,Amazon Tap - Alexa-Enabled Portable Bluetooth Speaker,4.0,2017-01-07 00:00:00+00:00
natm,Amazon Tap - Alexa-Enabled Portable Bluetooth Speaker,5.0,2017-01-06 00:00:00+00:00
Robbleo,Amazon Tap - Alexa-Enabled Portable Bluetooth Speaker,5.0,2017-01-06 00:00:00+00:00
kcerps,Amazon Tap - Alexa-Enabled Portable Bluetooth Speaker,5.0,2017-01-06 00:00:00+00:00
Phobia3000,Amazon Tap - Alexa-Enabled Portable Bluetooth Speaker,5.0,2017-01-06 00:00:00+00:00
Concert,Amazon Tap - Alexa-Enabled Portable Bluetooth Speaker,4.0,2017-01-06 00:00:00+00:00
Northefist,Amazon Tap - Alexa-Enabled Portable Bluetooth Speaker,4.0,2017-01-05 00:00:00+00:00
coach3,Amazon Tap - Alexa-Enabled Portable Bluetooth Speaker,5.0,2017-01-05 00:00:00+00:00
brettdavis4,Amazon Tap - Alexa-Enabled Portable Bluetooth Speaker,5.0,2017-01-04 00:00:00+00:00
Abbyks,Amazon Tap - Alexa-Enabled Portable Bluetooth Speaker,2.0,2017-01-03 00:00:00+00:00
JohnS,Amazon Tap - Alexa-Enabled Portable Bluetooth Speaker,1.0,2017-01-03 00:00:00+00:00
cedriic,Amazon Tap - Alexa-Enabled Portable Bluetooth Speaker,5.0,2017-01-03 00:00:00+00:00
p2j2m,Amazon Tap - Alexa-Enabled Portable Bluetooth Speaker,4.0,2017-01-02 00:00:00+00:00
FloridaOh9,Amazon Tap - Alexa-Enabled Portable Bluetooth Speaker,4.0,2017-01-02 00:00:00+00:00
kennyman,Amazon Tap - Alexa-Enabled Portable Bluetooth Speaker,5.0,2017-01-01 00:00:00+00:00
1-Apr,Amazon Tap - Alexa-Enabled Portable Bluetooth Speaker,5.0,2017-01-01 00:00:00+00:00
Spazdude,Amazon Tap - Alexa-Enabled Portable Bluetooth Speaker,4.0,2016-12-31 00:00:00+00:00
LavaBoss,Amazon Tap - Alexa-Enabled Portable Bluetooth Speaker,5.0,2016-12-31 00:00:00+00:00
Ces0983,Amazon Tap - Alexa-Enabled Portable Bluetooth Speaker,5.0,2016-12-31 00:00:00+00:00
ElPollo,Amazon Tap - Alexa-Enabled Portable Bluetooth Speaker,4.0,2016-12-30 00:00:00+00:00
VCMN,Amazon Tap - Alexa-Enabled Portable Bluetooth Speaker,5.0,2016-12-29 00:00:00+00:00
Sean,Amazon Tap - Alexa-Enabled Portable Bluetooth Speaker,5.0,2016-12-25 00:00:00+00:00
rhex,Amazon Tap - Alexa-Enabled Portable Bluetooth Speaker,4.0,2016-12-25 00:00:00+00:00
moose,Amazon Tap - Alexa-Enabled Portable Bluetooth Speaker,3.0,2016-12-24 00:00:00+00:00
ShawPhoto,Amazon Tap - Alexa-Enabled Portable Bluetooth Speaker,5.0,2016-12-24 00:00:00+00:00
Pita,Amazon Tap - Alexa-Enabled Portable Bluetooth Speaker,4.0,2016-12-23 00:00:00+00:00
BddoT2,Amazon Tap - Alexa-Enabled Portable Bluetooth Speaker,4.0,2016-12-23 00:00:00+00:00
Skip,Amazon Tap - Alexa-Enabled Portable Bluetooth Speaker,5.0,2016-12-23 00:00:00+00:00
shaithus,Amazon Tap - Alexa-Enabled Portable Bluetooth Speaker,3.0,2016-12-23 00:00:00+00:00
Jlimon,Amazon Tap - Alexa-Enabled Portable Bluetooth Speaker,5.0,2016-12-23 00:00:00+00:00
tbistone,Amazon Tap - Alexa-Enabled Portable Bluetooth Speaker,5.0,2016-12-20 00:00:00+00:00
romaeeeeee,Amazon Tap - Alexa-Enabled Portable Bluetooth Speaker,5.0,2016-12-19 00:00:00+00:00
JOCHE,Amazon Tap - Alexa-Enabled Portable Bluetooth Speaker,5.0,2016-12-18 00:00:00+00:00
AmandaPanda,Amazon Tap - Alexa-Enabled Portable Bluetooth Speaker,5.0,2016-12-18 00:00:00+00:00
EliteBuyer,Amazon Tap - Alexa-Enabled Portable Bluetooth Speaker,5.0,2016-12-18 00:00:00+00:00
Buyer,Amazon Tap - Alexa-Enabled Portable Bluetooth Speaker,5.0,2016-12-17 00:00:00+00:00
Jon12,Amazon Tap - Alexa-Enabled Portable Bluetooth Speaker,1.0,2016-12-16 00:00:00+00:00
Jayrock2,Amazon Tap - Alexa-Enabled Portable Bluetooth Speaker,4.0,2016-12-16 00:00:00+00:00
Anonymous,Amazon Tap - Alexa-Enabled Portable Bluetooth Speaker,5.0,2016-12-16 00:00:00+00:00
Tony,Amazon Tap - Alexa-Enabled Portable Bluetooth Speaker,5.0,2016-12-16 00:00:00+00:00
Roger,Amazon Tap - Alexa-Enabled Portable Bluetooth Speaker,5.0,2016-12-15 00:00:00+00:00
Papa,Amazon Tap - Alexa-Enabled Portable Bluetooth Speaker,3.0,2016-12-15 00:00:00+00:00
Webkf1,Amazon Tap - Alexa-Enabled Portable Bluetooth Speaker,4.0,2016-12-15 00:00:00+00:00
VaBeach,Amazon Tap - Alexa-Enabled Portable Bluetooth Speaker,5.0,2016-12-15 00:00:00+00:00
PABuyer,Amazon Tap - Alexa-Enabled Portable Bluetooth Speaker,4.0,2016-12-14 00:00:00+00:00
Knack,Amazon Tap - Alexa-Enabled Portable Bluetooth Speaker,5.0,2016-12-14 00:00:00+00:00
Heather,Amazon Tap - Alexa-Enabled Portable Bluetooth Speaker,5.0,2016-12-14 00:00:00+00:00
opchiasm,Amazon Tap - Alexa-Enabled Portable Bluetooth Speaker,5.0,2016-12-14 00:00:00+00:00
Wardog21,Amazon Tap - Alexa-Enabled Portable Bluetooth Speaker,4.0,2016-12-14 00:00:00+00:00
Rigbyabador,Amazon Tap - Alexa-Enabled Portable Bluetooth Speaker,5.0,2016-12-14 00:00:00+00:00
EmilyG,Amazon Tap - Alexa-Enabled Portable Bluetooth Speaker,5.0,2016-12-14 00:00:00+00:00
toeka,Amazon Tap - Alexa-Enabled Portable Bluetooth Speaker,3.0,2016-12-11 00:00:00+00:00
CellPhoneGuy,Amazon Tap - Alexa-Enabled Portable Bluetooth Speaker,5.0,2016-12-10 00:00:00+00:00
Yellowman99,Amazon Tap - Alexa-Enabled Portable Bluetooth Speaker,5.0,2016-12-09 00:00:00+00:00
Risha37,Amazon Tap - Alexa-Enabled Portable Bluetooth Speaker,5.0,2016-12-08 00:00:00+00:00
Eaglenut1,Amazon Tap - Alexa-Enabled Portable Bluetooth Speaker,5.0,2016-12-07 00:00:00+00:00
JAdow,Amazon Tap - Alexa-Enabled Portable Bluetooth Speaker,5.0,2016-12-07 00:00:00+00:00
Firemedic609,Amazon Tap - Alexa-Enabled Portable Bluetooth Speaker,5.0,2016-12-07 00:00:00+00:00
Rick,Amazon Tap - Alexa-Enabled Portable Bluetooth Speaker,3.0,2016-12-03 00:00:00+00:00
RonGT,Amazon Tap - Alexa-Enabled Portable Bluetooth Speaker,5.0,2016-12-02 00:00:00+00:00
Flintlock,Amazon Tap - Alexa-Enabled Portable Bluetooth Speaker,4.0,2016-12-02 00:00:00+00:00
Dirtdiver069,Amazon Tap - Alexa-Enabled Portable Bluetooth Speaker,5.0,2016-12-01 00:00:00+00:00
pneks2001,Amazon Tap - Alexa-Enabled Portable Bluetooth Speaker,4.0,2016-11-18 00:00:00+00:00
Emilybeaver,Amazon Tap - Alexa-Enabled Portable Bluetooth Speaker,4.0,2016-11-18 00:00:00+00:00
Alan,Amazon Tap - Alexa-Enabled Portable Bluetooth Speaker,5.0,2016-11-17 00:00:00+00:00
Adam,Amazon Tap - Alexa-Enabled Portable Bluetooth Speaker,4.0,2016-11-16 00:00:00+00:00
Dani,Amazon Tap - Alexa-Enabled Portable Bluetooth Speaker,5.0,2016-11-16 00:00:00+00:00
DJ96,Amazon Tap - Alexa-Enabled Portable Bluetooth Speaker,4.0,2016-11-16 00:00:00+00:00
MediaMom,Amazon Tap - Alexa-Enabled Portable Bluetooth Speaker,5.0,2016-11-16 00:00:00+00:00
Harper,Amazon Tap - Alexa-Enabled Portable Bluetooth Speaker,5.0,2016-11-16 00:00:00+00:00
PT109,Amazon Tap - Alexa-Enabled Portable Bluetooth Speaker,4.0,2016-11-30 00:00:00+00:00
BigDaddy55,Amazon Tap - Alexa-Enabled Portable Bluetooth Speaker,5.0,2016-11-28 00:00:00+00:00
Fishnan10,Amazon Tap - Alexa-Enabled Portable Bluetooth Speaker,4.0,2016-11-27 00:00:00+00:00
Fern,Amazon Tap - Alexa-Enabled Portable Bluetooth Speaker,4.0,2016-11-23 00:00:00+00:00
Tinkerer,Amazon Tap - Alexa-Enabled Portable Bluetooth Speaker,5.0,2016-11-22 00:00:00+00:00
GoPats,Amazon Tap - Alexa-Enabled Portable Bluetooth Speaker,5.0,2016-11-19 00:00:00+00:00
gooddeals,Amazon Tap - Alexa-Enabled Portable Bluetooth Speaker,4.0,2016-11-19 00:00:00+00:00
tifnbil,Amazon Tap - Alexa-Enabled Portable Bluetooth Speaker,5.0,2016-11-18 00:00:00+00:00
Snowman8,Amazon Tap - Alexa-Enabled Portable Bluetooth Speaker,5.0,2016-11-16 00:00:00+00:00
photoguy,Amazon Tap - Alexa-Enabled Portable Bluetooth Speaker,5.0,2016-11-15 00:00:00+00:00
Zigcredo,Amazon Tap - Alexa-Enabled Portable Bluetooth Speaker,5.0,2016-11-11 00:00:00+00:00
Coco,Amazon Tap - Alexa-Enabled Portable Bluetooth Speaker,5.0,2016-11-11 00:00:00+00:00
jeopcon69,Amazon Tap - Alexa-Enabled Portable Bluetooth Speaker,4.0,2016-11-11 00:00:00+00:00
mackingInternetswithDOGE,Amazon Tap - Alexa-Enabled Portable Bluetooth Speaker,3.0,2016-11-11 00:00:00+00:00
nvcop,Amazon Tap - Alexa-Enabled Portable Bluetooth Speaker,4.0,2016-11-10 00:00:00+00:00
Brian,Amazon Tap - Alexa-Enabled Portable Bluetooth Speaker,5.0,2016-11-05 00:00:00+00:00
Bunny,Amazon Tap - Alexa-Enabled Portable Bluetooth Speaker,5.0,2016-11-05 00:00:00+00:00
Msvlm05,Amazon Tap - Alexa-Enabled Portable Bluetooth Speaker,5.0,2016-11-05 00:00:00+00:00
MISTERT,Amazon Tap - Alexa-Enabled Portable Bluetooth Speaker,5.0,2016-11-04 00:00:00+00:00
ShanNick,Amazon Tap - Alexa-Enabled Portable Bluetooth Speaker,5.0,2016-11-04 00:00:00+00:00
Eaglenut1,Amazon Tap - Alexa-Enabled Portable Bluetooth Speaker,5.0,2016-11-04 00:00:00+00:00
Ranger,Amazon Tap - Alexa-Enabled Portable Bluetooth Speaker,5.0,2016-11-01 00:00:00+00:00
Albert,Amazon Tap - Alexa-Enabled Portable Bluetooth Speaker,1.0,2016-10-30 00:00:00+00:00
DoGg,Amazon Tap - Alexa-Enabled Portable Bluetooth Speaker,5.0,2016-10-30 00:00:00+00:00
dani,Amazon Tap - Alexa-Enabled Portable Bluetooth Speaker,5.0,2016-10-21 00:00:00+00:00
ladyglencoe,Amazon Tap - Alexa-Enabled Portable Bluetooth Speaker,5.0,2016-10-21 00:00:00+00:00
TechGuy,Amazon Tap - Alexa-Enabled Portable Bluetooth Speaker,5.0,2016-10-19 00:00:00+00:00
Courtney,Amazon Tap - Alexa-Enabled Portable Bluetooth Speaker,5.0,2016-10-19 00:00:00+00:00
7011,Amazon Tap - Alexa-Enabled Portable Bluetooth Speaker,5.0,2016-10-19 00:00:00+00:00
Triman,Amazon Tap - Alexa-Enabled Portable Bluetooth Speaker,5.0,2016-10-19 00:00:00+00:00
Finicky,Amazon Tap - Alexa-Enabled Portable Bluetooth Speaker,4.0,2016-10-19 00:00:00+00:00
Jobendab,Amazon Tap - Alexa-Enabled Portable Bluetooth Speaker,5.0,2016-10-15 00:00:00+00:00
mssilverfox,Amazon Tap - Alexa-Enabled Portable Bluetooth Speaker,4.0,2016-10-29 00:00:00+00:00
Teaz,Amazon Tap - Alexa-Enabled Portable Bluetooth Speaker,4.0,2016-10-29 00:00:00+00:00
GEM310,Amazon Tap - Alexa-Enabled Portable Bluetooth Speaker,3.0,2016-10-29 00:00:00+00:00
JayPA,Amazon Tap - Alexa-Enabled Portable Bluetooth Speaker,5.0,2016-10-29 00:00:00+00:00
MusicLover,Amazon Tap - Alexa-Enabled Portable Bluetooth Speaker,4.0,2016-10-28 00:00:00+00:00
Danny,Amazon Tap - Alexa-Enabled Portable Bluetooth Speaker,4.0,2016-10-23 00:00:00+00:00
RickR,Amazon Tap - Alexa-Enabled Portable Bluetooth Speaker,5.0,2016-10-21 00:00:00+00:00
Hydro,Amazon Tap - Alexa-Enabled Portable Bluetooth Speaker,4.0,2016-10-21 00:00:00+00:00
Daniel,Amazon Tap - Alexa-Enabled Portable Bluetooth Speaker,5.0,2016-10-15 00:00:00+00:00
Dani,Amazon Tap - Alexa-Enabled Portable Bluetooth Speaker,5.0,2016-10-14 00:00:00+00:00
PamJK,Amazon Tap - Alexa-Enabled Portable Bluetooth Speaker,5.0,2016-10-14 00:00:00+00:00
Mac1,Amazon Tap - Alexa-Enabled Portable Bluetooth Speaker,4.0,2016-10-09 00:00:00+00:00
Dylon,Amazon Tap - Alexa-Enabled Portable Bluetooth Speaker,4.0,2016-10-08 00:00:00+00:00
Lafeyette,Amazon Tap - Alexa-Enabled Portable Bluetooth Speaker,5.0,2016-10-08 00:00:00+00:00
Larry,Amazon Tap - Alexa-Enabled Portable Bluetooth Speaker,4.0,2016-10-08 00:00:00+00:00
Smitty,Amazon Tap - Alexa-Enabled Portable Bluetooth Speaker,5.0,2016-10-08 00:00:00+00:00
shar555,Amazon Tap - Alexa-Enabled Portable Bluetooth Speaker,5.0,2016-10-01 00:00:00+00:00
agzela,Amazon Tap - Alexa-Enabled Portable Bluetooth Speaker,4.0,2016-09-28 00:00:00+00:00
davepjoneshen,Amazon Tap - Alexa-Enabled Portable Bluetooth Speaker,4.0,2016-09-27 00:00:00+00:00
Vaiolation,Amazon Tap - Alexa-Enabled Portable Bluetooth Speaker,4.0,2016-09-24 00:00:00+00:00
Happy,Amazon Tap - Alexa-Enabled Portable Bluetooth Speaker,4.0,2016-09-24 00:00:00+00:00
JP315,Amazon Tap - Alexa-Enabled Portable Bluetooth Speaker,5.0,2016-09-23 00:00:00+00:00
haiisenberg,Amazon Tap - Alexa-Enabled Portable Bluetooth Speaker,4.0,2016-09-23 00:00:00+00:00
Carbob,Amazon Tap - Alexa-Enabled Portable Bluetooth Speaker,5.0,2016-09-23 00:00:00+00:00
ibeb71,Amazon Tap - Alexa-Enabled Portable Bluetooth Speaker,4.0,2016-10-08 00:00:00+00:00
Amblate,Amazon Tap - Alexa-Enabled Portable Bluetooth Speaker,4.0,2016-10-07 00:00:00+00:00
Matty,Amazon Tap - Alexa-Enabled Portable Bluetooth Speaker,4.0,2016-10-07 00:00:00+00:00
Holmes,Amazon Tap - Alexa-Enabled Portable Bluetooth Speaker,5.0,2016-10-07 00:00:00+00:00
Dpadilla,Amazon Tap - Alexa-Enabled Portable Bluetooth Speaker,4.0,2016-10-07 00:00:00+00:00
OLS45,Amazon Tap - Alexa-Enabled Portable Bluetooth Speaker,5.0,2016-10-07 00:00:00+00:00
LookoutNoah,Amazon Tap - Alexa-Enabled Portable Bluetooth Speaker,5.0,2016-10-07 00:00:00+00:00
MzPat,Amazon Tap - Alexa-Enabled Portable Bluetooth Speaker,5.0,2016-10-05 00:00:00+00:00
AndreandDeb,Amazon Tap - Alexa-Enabled Portable Bluetooth Speaker,2.0,2016-09-23 00:00:00+00:00
Rittir,Amazon Tap - Alexa-Enabled Portable Bluetooth Speaker,5.0,2016-09-23 00:00:00+00:00
Kerrdogg,Amazon Tap - Alexa-Enabled Portable Bluetooth Speaker,5.0,2016-09-23 00:00:00+00:00
GG13,Amazon Tap - Alexa-Enabled Portable Bluetooth Speaker,5.0,2016-09-23 00:00:00+00:00
Dspeers,Amazon Tap - Alexa-Enabled Portable Bluetooth Speaker,5.0,2016-09-23 00:00:00+00:00
Cody,Amazon Tap - Alexa-Enabled Portable Bluetooth Speaker,5.0,2016-09-23 00:00:00+00:00
sa88,Amazon Tap - Alexa-Enabled Portable Bluetooth Speaker,5.0,2016-09-23 00:00:00+00:00
ITGuy,Amazon Tap - Alexa-Enabled Portable Bluetooth Speaker,5.0,2016-09-21 00:00:00+00:00
Eze110,Amazon Tap - Alexa-Enabled Portable Bluetooth Speaker,5.0,2016-09-21 00:00:00+00:00
Davek,Amazon Tap - Alexa-Enabled Portable Bluetooth Speaker,3.0,2016-09-21 00:00:00+00:00
Scottief,Amazon Tap - Alexa-Enabled Portable Bluetooth Speaker,4.0,2016-09-19 00:00:00+00:00
AnthonyZ,Amazon Tap - Alexa-Enabled Portable Bluetooth Speaker,3.0,2016-09-18 00:00:00+00:00
jacoba,Amazon Tap - Alexa-Enabled Portable Bluetooth Speaker,5.0,2016-09-17 00:00:00+00:00
Akadink,Amazon Tap - Alexa-Enabled Portable Bluetooth Speaker,5.0,2016-09-17 00:00:00+00:00
JDMAlamo,Amazon Tap - Alexa-Enabled Portable Bluetooth Speaker,5.0,2016-09-16 00:00:00+00:00
ohionana,Amazon Tap - Alexa-Enabled Portable Bluetooth Speaker,5.0,2016-09-14 00:00:00+00:00
MovieGuyOH,Amazon Tap - Alexa-Enabled Portable Bluetooth Speaker,5.0,2016-09-13 00:00:00+00:00
bkgrigsby725,Amazon Tap - Alexa-Enabled Portable Bluetooth Speaker,4.0,2016-09-13 00:00:00+00:00
richmond282,Amazon Tap - Alexa-Enabled Portable Bluetooth Speaker,4.0,2016-09-11 00:00:00+00:00
B6W356,Amazon Tap - Alexa-Enabled Portable Bluetooth Speaker,5.0,2016-09-11 00:00:00+00:00
unplug,Amazon Tap - Alexa-Enabled Portable Bluetooth Speaker,4.0,2016-09-10 00:00:00+00:00
MBV1,Amazon Tap - Alexa-Enabled Portable Bluetooth Speaker,5.0,2016-09-10 00:00:00+00:00
Happytekki,Amazon Tap - Alexa-Enabled Portable Bluetooth Speaker,5.0,2016-09-10 00:00:00+00:00
bbuy001,Amazon Tap - Alexa-Enabled Portable Bluetooth Speaker,4.0,2016-09-10 00:00:00+00:00
DPC3,Amazon Tap - Alexa-Enabled Portable Bluetooth Speaker,5.0,2016-09-09 00:00:00+00:00
Judy,Amazon Tap - Alexa-Enabled Portable Bluetooth Speaker,5.0,2016-09-09 00:00:00+00:00
Sandy,Amazon Tap - Alexa-Enabled Portable Bluetooth Speaker,5.0,2016-09-09 00:00:00+00:00
Ripper,Amazon Tap - Alexa-Enabled Portable Bluetooth Speaker,2.0,2016-09-09 00:00:00+00:00
ezze110,Amazon Tap - Alexa-Enabled Portable Bluetooth Speaker,5.0,2016-09-09 00:00:00+00:00
AAAC,Amazon Tap - Alexa-Enabled Portable Bluetooth Speaker,4.0,2016-09-09 00:00:00+00:00
FB0001,Amazon Tap - Alexa-Enabled Portable Bluetooth Speaker,4.0,2016-09-09 00:00:00+00:00
Marb,Amazon Tap - Alexa-Enabled Portable Bluetooth Speaker,5.0,2016-09-07 00:00:00+00:00
Scearls,Amazon Tap - Alexa-Enabled Portable Bluetooth Speaker,5.0,2016-09-09 00:00:00+00:00
Mata,Amazon Tap - Alexa-Enabled Portable Bluetooth Speaker,5.0,2016-09-09 00:00:00+00:00
cfxu,Amazon Tap - Alexa-Enabled Portable Bluetooth Speaker,5.0,2016-09-09 00:00:00+00:00
techjunkie,Amazon Tap - Alexa-Enabled Portable Bluetooth Speaker,5.0,2016-09-09 00:00:00+00:00
Mainesnow,Amazon Tap - Alexa-Enabled Portable Bluetooth Speaker,5.0,2016-09-09 00:00:00+00:00
TerriD,Amazon Tap - Alexa-Enabled Portable Bluetooth Speaker,5.0,2016-09-09 00:00:00+00:00
MsCapricorn,Amazon Tap - Alexa-Enabled Portable Bluetooth Speaker,5.0,2016-09-06 00:00:00+00:00
JONESNEWYORK414,Amazon Tap - Alexa-Enabled Portable Bluetooth Speaker,5.0,2016-09-06 00:00:00+00:00
davidvb,Amazon Tap - Alexa-Enabled Portable Bluetooth Speaker,3.0,2016-09-06 00:00:00+00:00
Technogeekster,Amazon Tap - Alexa-Enabled Portable Bluetooth Speaker,5.0,2016-09-06 00:00:00+00:00
bebo,Amazon Tap - Alexa-Enabled Portable Bluetooth Speaker,5.0,2016-09-04 00:00:00+00:00
Ktee,Amazon Tap - Alexa-Enabled Portable Bluetooth Speaker,5.0,2016-09-03 00:00:00+00:00
DWOdom,Amazon Tap - Alexa-Enabled Portable Bluetooth Speaker,4.0,2016-09-02 00:00:00+00:00
Ryeguy74,Amazon Tap - Alexa-Enabled Portable Bluetooth Speaker,5.0,2016-08-31 00:00:00+00:00
Rose7,Amazon Tap - Alexa-Enabled Portable Bluetooth Speaker,4.0,2016-08-28 00:00:00+00:00
thoroughlymorgan,Amazon Tap - Alexa-Enabled Portable Bluetooth Speaker,5.0,2016-08-28 00:00:00+00:00
sta123,Amazon Tap - Alexa-Enabled Portable Bluetooth Speaker,3.0,2016-08-27 00:00:00+00:00
Webkf1,Amazon Tap - Alexa-Enabled Portable Bluetooth Speaker,3.0,2016-08-27 00:00:00+00:00
mrhockey79,Amazon Tap - Alexa-Enabled Portable Bluetooth Speaker,4.0,2016-08-27 00:00:00+00:00
BuckS,Amazon Tap - Alexa-Enabled Portable Bluetooth Speaker,2.0,2016-08-27 00:00:00+00:00
IbDAH,Amazon Tap - Alexa-Enabled Portable Bluetooth Speaker,5.0,2016-08-27 00:00:00+00:00
Writer,Amazon Tap - Alexa-Enabled Portable Bluetooth Speaker,5.0,2016-08-26 00:00:00+00:00
Sig20guy,Amazon Tap - Alexa-Enabled Portable Bluetooth Speaker,4.0,2016-08-03 00:00:00+00:00
Janfer,Amazon Tap - Alexa-Enabled Portable Bluetooth Speaker,5.0,2016-08-03 00:00:00+00:00
PlasmaGuys,Amazon Tap - Alexa-Enabled Portable Bluetooth Speaker,5.0,2016-07-30 00:00:00+00:00
remoteuser13,Amazon Tap - Alexa-Enabled Portable Bluetooth Speaker,4.0,2016-07-29 00:00:00+00:00
eopp,Amazon Tap - Alexa-Enabled Portable Bluetooth Speaker,5.0,2016-07-29 00:00:00+00:00
Vette,Amazon Tap - Alexa-Enabled Portable Bluetooth Speaker,5.0,2016-07-29 00:00:00+00:00
techgeek,Amazon Tap - Alexa-Enabled Portable Bluetooth Speaker,5.0,2016-07-29 00:00:00+00:00
ShaneT,Amazon Tap - Alexa-Enabled Portable Bluetooth Speaker,5.0,2016-07-25 00:00:00+00:00
Doug,Amazon Tap - Alexa-Enabled Portable Bluetooth Speaker,4.0,2016-08-14 00:00:00+00:00
metacuate,Amazon Tap - Alexa-Enabled Portable Bluetooth Speaker,4.0,2016-08-11 00:00:00+00:00
da9rich,Amazon Tap - Alexa-Enabled Portable Bluetooth Speaker,1.0,2016-08-09 00:00:00+00:00
LillyMiami,Amazon Tap - Alexa-Enabled Portable Bluetooth Speaker,5.0,2016-08-08 00:00:00+00:00
Jo55,Amazon Tap - Alexa-Enabled Portable Bluetooth Speaker,5.0,2016-08-06 00:00:00+00:00
Gamer,Amazon Tap - Alexa-Enabled Portable Bluetooth Speaker,4.0,2016-08-05 00:00:00+00:00
Consumer,Amazon Tap - Alexa-Enabled Portable Bluetooth Speaker,4.0,2016-08-05 00:00:00+00:00
Poppycjb,Amazon Tap - Alexa-Enabled Portable Bluetooth Speaker,5.0,2016-08-05 00:00:00+00:00
compaq38,Amazon Tap - Alexa-Enabled Portable Bluetooth Speaker,3.0,2016-08-26 00:00:00+00:00
jude70,Amazon Tap - Alexa-Enabled Portable Bluetooth Speaker,4.0,2016-08-20 00:00:00+00:00
CarFren,Amazon Tap - Alexa-Enabled Portable Bluetooth Speaker,5.0,2016-08-20 00:00:00+00:00
criscot,Amazon Tap - Alexa-Enabled Portable Bluetooth Speaker,4.0,2016-08-19 00:00:00+00:00
Gucci,Amazon Tap - Alexa-Enabled Portable Bluetooth Speaker,5.0,2016-08-19 00:00:00+00:00
Drjim,Amazon Tap - Alexa-Enabled Portable Bluetooth Speaker,5.0,2016-08-19 00:00:00+00:00
Zack,Amazon Tap - Alexa-Enabled Portable Bluetooth Speaker,4.0,2016-08-18 00:00:00+00:00
Montiel168,Amazon Tap - Alexa-Enabled Portable Bluetooth Speaker,5.0,2016-08-16 00:00:00+00:00
Pannow,Amazon Tap - Alexa-Enabled Portable Bluetooth Speaker,5.0,2016-07-22 00:00:00+00:00
Captsky,Amazon Tap - Alexa-Enabled Portable Bluetooth Speaker,5.0,2016-07-22 00:00:00+00:00
LooLoo777,Amazon Tap - Alexa-Enabled Portable Bluetooth Speaker,4.0,2016-07-21 00:00:00+00:00
Bebi,Amazon Tap - Alexa-Enabled Portable Bluetooth Speaker,5.0,2016-07-18 00:00:00+00:00
dealhunter,Amazon Tap - Alexa-Enabled Portable Bluetooth Speaker,4.0,2016-07-17 00:00:00+00:00
Toddo,Amazon Tap - Alexa-Enabled Portable Bluetooth Speaker,4.0,2016-07-17 00:00:00+00:00
Bsmm,Amazon Tap - Alexa-Enabled Portable Bluetooth Speaker,5.0,2016-07-16 00:00:00+00:00
Alan,Amazon Tap - Alexa-Enabled Portable Bluetooth Speaker,4.0,2016-07-16 00:00:00+00:00
B545,Amazon Tap - Alexa-Enabled Portable Bluetooth Speaker,4.0,2016-07-13 00:00:00+00:00
Princess,Amazon Tap - Alexa-Enabled Portable Bluetooth Speaker,5.0,2016-07-09 00:00:00+00:00
Diesel,Amazon Tap - Alexa-Enabled Portable Bluetooth Speaker,5.0,2016-07-09 00:00:00+00:00
Bugbasher,Amazon Tap - Alexa-Enabled Portable Bluetooth Speaker,5.0,2016-07-01 00:00:00+00:00
hondaguy,Amazon Tap - Alexa-Enabled Portable Bluetooth Speaker,5.0,2016-07-01 00:00:00+00:00
Lisadave1999,Amazon Tap - Alexa-Enabled Portable Bluetooth Speaker,5.0,2016-06-28 00:00:00+00:00
TempeDiablo,Amazon Tap - Alexa-Enabled Portable Bluetooth Speaker,5.0,2016-06-27 00:00:00+00:00
Snicoled17,Amazon Tap - Alexa-Enabled Portable Bluetooth Speaker,5.0,2016-06-27 00:00:00+00:00
MikeB,Amazon Tap - Alexa-Enabled Portable Bluetooth Speaker,4.0,2016-06-05 00:00:00+00:00
DodgeDart920,Amazon Tap - Alexa-Enabled Portable Bluetooth Speaker,5.0,2016-06-04 00:00:00+00:00
Crom23,Amazon Tap - Alexa-Enabled Portable Bluetooth Speaker,4.0,2016-06-25 00:00:00+00:00
Izzy,Amazon Tap - Alexa-Enabled Portable Bluetooth Speaker,5.0,2016-06-24 00:00:00+00:00
MaloIrukandji,Amazon Tap - Alexa-Enabled Portable Bluetooth Speaker,5.0,2016-06-22 00:00:00+00:00
WMMANAGEMENT,Amazon Tap - Alexa-Enabled Portable Bluetooth Speaker,5.0,2016-06-11 00:00:00+00:00
RonRon,Amazon Tap - Alexa-Enabled Portable Bluetooth Speaker,5.0,2016-06-10 00:00:00+00:00
vishal,Amazon Tap - Alexa-Enabled Portable Bluetooth Speaker,5.0,2016-06-10 00:00:00+00:00
Brayden,Amazon Tap - Alexa-Enabled Portable Bluetooth Speaker,5.0,2016-06-08 00:00:00+00:00
jlivar,Amazon Tap - Alexa-Enabled Portable Bluetooth Speaker,5.0,2016-06-06 00:00:00+00:00
kaka,Amazon Tap - Alexa-Enabled Portable Bluetooth Speaker,5.0,2017-05-03 00:00:00+00:00
has9yale,Amazon Tap - Alexa-Enabled Portable Bluetooth Speaker,4.0,2017-05-18 00:00:00+00:00
LeeF,Amazon Tap - Alexa-Enabled Portable Bluetooth Speaker,5.0,2017-06-24 00:00:00+00:00
Sheldonsgirl,Amazon Tap - Alexa-Enabled Portable Bluetooth Speaker,5.0,2017-06-24 00:00:00+00:00
iggy,Amazon Tap - Alexa-Enabled Portable Bluetooth Speaker,1.0,2017-06-23 00:00:00+00:00
MonLaRose,Amazon Tap - Alexa-Enabled Portable Bluetooth Speaker,5.0,2017-06-23 00:00:00+00:00
Kim1223,Amazon Tap - Alexa-Enabled Portable Bluetooth Speaker,5.0,2017-06-23 00:00:00+00:00
Jonathan,Amazon Tap - Alexa-Enabled Portable Bluetooth Speaker,4.0,2017-06-23 00:00:00+00:00
Townes2,Amazon Tap - Alexa-Enabled Portable Bluetooth Speaker,5.0,2017-06-23 00:00:00+00:00
Lizmomof4,Amazon Tap - Alexa-Enabled Portable Bluetooth Speaker,5.0,2017-06-22 00:00:00+00:00
Sparkygirl,Amazon Tap - Alexa-Enabled Portable Bluetooth Speaker,4.0,2017-06-22 00:00:00+00:00
BlueBuds,Amazon Tap - Alexa-Enabled Portable Bluetooth Speaker,5.0,2017-06-05 00:00:00+00:00
comars,Amazon Tap - Alexa-Enabled Portable Bluetooth Speaker,5.0,2017-06-04 00:00:00+00:00
User,Amazon Tap - Alexa-Enabled Portable Bluetooth Speaker,5.0,2017-06-03 00:00:00+00:00
StereoDJ,Amazon Tap - Alexa-Enabled Portable Bluetooth Speaker,5.0,2017-06-03 00:00:00+00:00
TatisLexa,Amazon Tap - Alexa-Enabled Portable Bluetooth Speaker,5.0,2017-06-02 00:00:00+00:00
Coffeeme,Amazon Tap - Alexa-Enabled Portable Bluetooth Speaker,5.0,2017-06-21 00:00:00+00:00
Timmer,Amazon Tap - Alexa-Enabled Portable Bluetooth Speaker,4.0,2017-06-21 00:00:00+00:00
KerryFitz,Amazon Tap - Alexa-Enabled Portable Bluetooth Speaker,5.0,2017-06-21 00:00:00+00:00
Brantin,Amazon Tap - Alexa-Enabled Portable Bluetooth Speaker,5.0,2017-06-21 00:00:00+00:00
Blue,Amazon Tap - Alexa-Enabled Portable Bluetooth Speaker,2.0,2017-06-21 00:00:00+00:00
wirelesssassyowner,Amazon Tap - Alexa-Enabled Portable Bluetooth Speaker,1.0,2017-06-19 00:00:00+00:00
Evo24,Amazon Tap - Alexa-Enabled Portable Bluetooth Speaker,5.0,2017-06-18 00:00:00+00:00
Bones,Amazon Tap - Alexa-Enabled Portable Bluetooth Speaker,5.0,2017-06-17 00:00:00+00:00
Love2Swim,Amazon Tap - Alexa-Enabled Portable Bluetooth Speaker,5.0,2017-06-22 00:00:00+00:00
cjuli,Amazon Tap - Alexa-Enabled Portable Bluetooth Speaker,5.0,2017-06-22 00:00:00+00:00
Gurkha,Amazon Tap - Alexa-Enabled Portable Bluetooth Speaker,5.0,2017-06-22 00:00:00+00:00
Stormie,Amazon Tap - Alexa-Enabled Portable Bluetooth Speaker,4.0,2017-06-21 00:00:00+00:00
Grimdad,Amazon Tap - Alexa-Enabled Portable Bluetooth Speaker,5.0,2017-06-21 00:00:00+00:00
hzee,Amazon Tap - Alexa-Enabled Portable Bluetooth Speaker,5.0,2017-06-21 00:00:00+00:00
Vanessa,Amazon Tap - Alexa-Enabled Portable Bluetooth Speaker,5.0,2017-06-21 00:00:00+00:00
Mamag,Amazon Tap - Alexa-Enabled Portable Bluetooth Speaker,5.0,2017-06-21 00:00:00+00:00
Grandma,Amazon Tap - Alexa-Enabled Portable Bluetooth Speaker,5.0,2017-06-12 00:00:00+00:00
BROd,Amazon Tap - Alexa-Enabled Portable Bluetooth Speaker,4.0,2017-06-12 00:00:00+00:00
Electronicstech,Amazon Tap - Alexa-Enabled Portable Bluetooth Speaker,4.0,2017-06-12 00:00:00+00:00
Hank,Amazon Tap - Alexa-Enabled Portable Bluetooth Speaker,4.0,2017-06-12 00:00:00+00:00
Grace,Amazon Tap - Alexa-Enabled Portable Bluetooth Speaker,5.0,2017-06-10 00:00:00+00:00
rayray,Amazon Tap - Alexa-Enabled Portable Bluetooth Speaker,5.0,2017-06-09 00:00:00+00:00
Langers1234,Amazon Tap - Alexa-Enabled Portable Bluetooth Speaker,5.0,2017-06-08 00:00:00+00:00
Melody9,Amazon Tap - Alexa-Enabled Portable Bluetooth Speaker,4.0,2017-06-05 00:00:00+00:00
DPC3,Amazon Tap - Alexa-Enabled Portable Bluetooth Speaker,5.0,2016-09-09 00:00:00+00:00
Richard The Buying Hearted,Moshi Anti-Glare No Bubble Screen Protector for the Fire Phone,1.0,
Julie :-),Moshi Anti-Glare No Bubble Screen Protector for the Fire Phone,5.0,2014-08-05 00:00:00+00:00
Jon Ferrante,Moshi Anti-Glare No Bubble Screen Protector for the Fire Phone,5.0,
Laurel Krahn,Moshi Anti-Glare No Bubble Screen Protector for the Fire Phone,5.0,
Ismael Rivera,Moshi Anti-Glare No Bubble Screen Protector for the Fire Phone,5.0,2015-04-29 00:00:00+00:00
Yang Hua,Moshi Anti-Glare No Bubble Screen Protector for the Fire Phone,2.0,2015-08-31 00:00:00+00:00
zman,Moshi Anti-Glare No Bubble Screen Protector for the Fire Phone,5.0,2014-08-02 00:00:00+00:00
Amazon Customer,Moshi Anti-Glare No Bubble Screen Protector for the Fire Phone,1.0,2014-11-22 00:00:00+00:00
Trever Murawski,Moshi Anti-Glare No Bubble Screen Protector for the Fire Phone,1.0,2014-07-31 00:00:00+00:00
Javier Gutierrez,Moshi Anti-Glare No Bubble Screen Protector for the Fire Phone,1.0,2015-06-12 00:00:00+00:00
Stow Fresh,Moshi Anti-Glare No Bubble Screen Protector for the Fire Phone,4.0,2014-07-24 00:00:00+00:00
Somebody,Moshi Anti-Glare No Bubble Screen Protector for the Fire Phone,5.0,2014-12-20 00:00:00+00:00
Jeffrey N. Fritz,Alexa Voice Remote for Amazon Echo and Echo Dot,2.0,
kemilie,Alexa Voice Remote for Amazon Echo and Echo Dot,5.0,
Jeffrey C Drywater,Alexa Voice Remote for Amazon Echo and Echo Dot,3.0,2016-05-24 00:00:00+00:00
T. Masoner,Alexa Voice Remote for Amazon Echo and Echo Dot,5.0,
Shain Mercer,Alexa Voice Remote for Amazon Echo and Echo Dot,1.0,2016-12-28 00:00:00+00:00
cc,Alexa Voice Remote for Amazon Echo and Echo Dot,5.0,2016-10-17 00:00:00+00:00
BFI66,Alexa Voice Remote for Amazon Echo and Echo Dot,3.0,2016-05-25 00:00:00+00:00
Kschles,Amazon Kindle Oasis Premium Leather Battery Cover - Walnut,5.0,2016-11-08 00:00:00+00:00
Doctor Bertram,Amazon Kindle Oasis Premium Leather Battery Cover - Walnut,5.0,2016-10-04 00:00:00+00:00
T. Medley,Amazon Kindle Oasis Premium Leather Battery Cover - Walnut,3.0,
Marco,Amazon Kindle Oasis Premium Leather Battery Cover - Walnut,5.0,2017-02-27 00:00:00+00:00
Linda L. Baughan,Amazon Kindle Oasis Premium Leather Battery Cover - Walnut,3.0,
Robin Landry,Amazon Kindle Oasis Premium Leather Battery Cover - Walnut,5.0,
HSBC,Amazon Kindle Oasis Premium Leather Battery Cover - Walnut,5.0,2017-02-10 00:00:00+00:00
X. Liu,Amazon Kindle Oasis Premium Leather Battery Cover - Walnut,4.0,2017-04-03 00:00:00+00:00
MarieBee,Amazon Kindle Oasis Premium Leather Battery Cover - Walnut,2.0,2017-03-10 00:00:00+00:00
william lombardo,Amazon Kindle Oasis Premium Leather Battery Cover - Walnut,3.0,2016-08-05 00:00:00+00:00
Aaron E. Knauff,Amazon Kindle Oasis Premium Leather Battery Cover - Walnut,1.0,
Jacob,Amazon Kindle Oasis Premium Leather Battery Cover - Walnut,3.0,2016-11-14 00:00:00+00:00
Kschles,Amazon Kindle Oasis Premium Leather Battery Cover - Black,5.0,2016-11-08 00:00:00+00:00
Doctor Bertram,Amazon Kindle Oasis Premium Leather Battery Cover - Black,5.0,2016-10-04 00:00:00+00:00
T. Medley,Amazon Kindle Oasis Premium Leather Battery Cover - Black,3.0,
Marco,Amazon Kindle Oasis Premium Leather Battery Cover - Black,5.0,2017-02-27 00:00:00+00:00
Linda L. Baughan,Amazon Kindle Oasis Premium Leather Battery Cover - Black,3.0,
Robin Landry,Amazon Kindle Oasis Premium Leather Battery Cover - Black,5.0,
HSBC,Amazon Kindle Oasis Premium Leather Battery Cover - Black,5.0,2017-02-10 00:00:00+00:00
Marco,Amazon Kindle Oasis Premium Leather Battery Cover - Black,5.0,2017-02-27 00:00:00+00:00
X. Liu,Amazon Kindle Oasis Premium Leather Battery Cover - Black,4.0,2017-04-03 00:00:00+00:00
MarieBee,Amazon Kindle Oasis Premium Leather Battery Cover - Black,2.0,2017-03-10 00:00:00+00:00
A. Younan,Amazon Premium Headphones,3.0,
Philip L.,Amazon Premium Headphones,5.0,2014-07-24 00:00:00+00:00
Andrew,Amazon Premium Headphones,5.0,2014-07-28 00:00:00+00:00
Victor L.,Amazon Premium Headphones,5.0,2014-07-24 00:00:00+00:00
Victor L.,Amazon Premium Headphones,5.0,2014-07-24 00:00:00+00:00
A. Younan,Amazon Premium Headphones,3.0,
A. Younan,Amazon Premium Headphones,3.0,
A. Younan,Amazon Premium Headphones,3.0,
Andrew,Amazon Premium Headphones,5.0,2014-07-28 00:00:00+00:00
Victor L.,Amazon Premium Headphones,5.0,2014-07-24 00:00:00+00:00
Andrew,Amazon Premium Headphones,5.0,2014-07-28 00:00:00+00:00
Victor L.,Amazon Premium Headphones,5.0,2014-07-24 00:00:00+00:00
Victor L.,Amazon Premium Headphones,5.0,2014-07-24 00:00:00+00:00
Andrew,Amazon Premium Headphones,5.0,2014-07-28 00:00:00+00:00
Victor L.,Amazon Premium Headphones,5.0,2014-07-24 00:00:00+00:00
Victor L.,Amazon Premium Headphones,5.0,2014-07-24 00:00:00+00:00
A. Younan,Amazon Premium Headphones,3.0,
A. Younan,Amazon Premium Headphones,3.0,
Andrew,Amazon Premium Headphones,5.0,2014-07-28 00:00:00+00:00
Victor L.,Amazon Premium Headphones,5.0,2014-07-24 00:00:00+00:00
A. Younan,Amazon Premium Headphones,3.0,
Andrew,Amazon Premium Headphones,5.0,2014-07-28 00:00:00+00:00
A. Younan,Amazon Premium Headphones,3.0,
A. Younan,Amazon Premium Headphones,3.0,
Victor L.,Amazon Premium Headphones,5.0,2014-07-24 00:00:00+00:00
Andrew,Amazon Premium Headphones,5.0,2014-07-28 00:00:00+00:00
A. Younan,Amazon Premium Headphones,3.0,
A. Younan,Amazon Premium Headphones,3.0,
A. Younan,Amazon Premium Headphones,3.0,
Andrew,Amazon Premium Headphones,5.0,2014-07-28 00:00:00+00:00
Andrew,Amazon Premium Headphones,5.0,2014-07-28 00:00:00+00:00
Andrew,Amazon Premium Headphones,5.0,2014-07-28 00:00:00+00:00
A. Younan,Amazon Premium Headphones,3.0,
A. Younan,Amazon Premium Headphones,3.0,
Victor L.,Amazon Premium Headphones,5.0,2014-07-24 00:00:00+00:00
A. Younan,Amazon Premium Headphones,3.0,
Andrew,Amazon Premium Headphones,5.0,2014-07-28 00:00:00+00:00
A. Younan,Amazon Premium Headphones,3.0,
Andrew,Amazon Premium Headphones,5.0,2014-07-28 00:00:00+00:00
Andrew,Amazon Premium Headphones,5.0,2014-07-28 00:00:00+00:00
A. Younan,Amazon Premium Headphones,3.0,
A. Younan,Amazon Premium Headphones,3.0,
Andrew,Amazon Premium Headphones,5.0,2014-07-28 00:00:00+00:00
Andrew,Amazon Premium Headphones,5.0,2014-07-28 00:00:00+00:00
A. Younan,Amazon Premium Headphones,3.0,
A. Younan,Amazon Premium Headphones,3.0,
Andrew,Amazon Premium Headphones,5.0,2014-07-28 00:00:00+00:00
Victor L.,Amazon Premium Headphones,5.0,2014-07-24 00:00:00+00:00
Andrew,Amazon Premium Headphones,5.0,2014-07-28 00:00:00+00:00
Victor L.,Amazon Premium Headphones,5.0,2014-07-24 00:00:00+00:00
A. Younan,Amazon Premium Headphones,3.0,
A. Younan,Amazon Premium Headphones,3.0,
A. Younan,Amazon Premium Headphones,3.0,
Andrew,Amazon Premium Headphones,5.0,2014-07-28 00:00:00+00:00
A. Younan,Amazon Premium Headphones,3.0,
A. Younan,Amazon Premium Headphones,3.0,
A. Younan,Amazon Premium Headphones,3.0,
A. Younan,Amazon Premium Headphones,3.0,
A. Younan,Amazon Premium Headphones,3.0,
A. Younan,Amazon Premium Headphones,3.0,
A. Younan,Amazon Premium Headphones,3.0,
A. Younan,Amazon Premium Headphones,3.0,
Andrew,Amazon Premium Headphones,5.0,2014-07-28 00:00:00+00:00
A. Younan,Amazon Premium Headphones,3.0,
A. Younan,Amazon Premium Headphones,3.0,
Victor L.,Amazon Premium Headphones,5.0,2014-07-24 00:00:00+00:00
Victor L.,Amazon Premium Headphones,5.0,2014-07-24 00:00:00+00:00
Andrew,Amazon Premium Headphones,5.0,2014-07-28 00:00:00+00:00
A. Younan,Amazon Premium Headphones,3.0,
Victor L.,Amazon Premium Headphones,5.0,2014-07-24 00:00:00+00:00
Andrew,Amazon Premium Headphones,5.0,2014-07-28 00:00:00+00:00
A. Younan,Amazon Premium Headphones,3.0,
Andrew,Amazon Premium Headphones,5.0,2014-07-28 00:00:00+00:00
A. Younan,Amazon Premium Headphones,3.0,
A. Younan,Amazon Premium Headphones,3.0,
A. Younan,Amazon Premium Headphones,3.0,
Andrew,Amazon Premium Headphones,5.0,2014-07-28 00:00:00+00:00
Rebecca retired Midwest chef,Replacement Remote for Amazon Fire TV Stick,2.0,2016-02-02 00:00:00+00:00
Katie Wilburn,Replacement Remote for Amazon Fire TV Stick,5.0,2017-04-28 00:00:00+00:00
Mike Thornton,Replacement Remote for Amazon Fire TV Stick,5.0,2016-08-31 00:00:00+00:00
rupert,Replacement Remote for Amazon Fire TV Stick,4.0,2017-03-17 00:00:00+00:00
Eric,Replacement Remote for Amazon Fire TV Stick,3.0,2015-05-02 00:00:00+00:00
Upstate NY SAHM,Replacement Remote for Amazon Fire TV Stick,3.0,2017-04-01 00:00:00+00:00
Fixer-upper,Replacement Remote for Amazon Fire TV Stick,5.0,2017-03-28 00:00:00+00:00
Dean Canne,Replacement Remote for Amazon Fire TV Stick,1.0,2016-03-16 00:00:00+00:00
Gilberto Alcantar,Replacement Remote for Amazon Fire TV Stick,1.0,2016-03-16 00:00:00+00:00
Adriana Osorio,Replacement Remote for Amazon Fire TV Stick,1.0,2017-02-17 00:00:00+00:00
dosiere,Replacement Remote for Amazon Fire TV Stick,1.0,2017-02-22 00:00:00+00:00
M.C.,Replacement Remote for Amazon Fire TV Stick,1.0,2017-05-08 00:00:00+00:00
Jakezoe,Replacement Remote for Amazon Fire TV Stick,1.0,2017-01-25 00:00:00+00:00
Rebecca Midwest,Replacement Remote for Amazon Fire TV Stick,2.0,2016-02-02 00:00:00+00:00
Colby R. Zell,Replacement Remote for Amazon Fire TV Stick,5.0,
Amazon Customer,Replacement Remote for Amazon Fire TV Stick,1.0,2016-02-22 00:00:00+00:00
Honest Rob,Replacement Remote for Amazon Fire TV Stick,2.0,2016-09-18 00:00:00+00:00
parisa,Alexa Voice Remote for Amazon Fire TV and Fire TV Stick,4.0,2016-03-17 00:00:00+00:00
TMagee,Alexa Voice Remote for Amazon Fire TV and Fire TV Stick,4.0,2016-08-19 00:00:00+00:00
Amazon Customer,Alexa Voice Remote for Amazon Fire TV and Fire TV Stick,2.0,2016-03-11 00:00:00+00:00
L. Ellis,Alexa Voice Remote for Amazon Fire TV and Fire TV Stick,2.0,
Donna Albea,Alexa Voice Remote for Amazon Fire TV and Fire TV Stick,1.0,
Nathaniel,Alexa Voice Remote for Amazon Fire TV and Fire TV Stick,1.0,2016-03-21 00:00:00+00:00
Lisandro E. Roque,Alexa Voice Remote for Amazon Fire TV and Fire TV Stick,2.0,
GregAmandawith4,Alexa Voice Remote for Amazon Fire TV and Fire TV Stick,3.0,2016-07-06 00:00:00+00:00
Amazon Customer,Alexa Voice Remote for Amazon Fire TV and Fire TV Stick,1.0,2016-06-22 00:00:00+00:00
Amazon Customer,Alexa Voice Remote for Amazon Fire TV and Fire TV Stick,1.0,2016-03-31 00:00:00+00:00
Meg Ashley,Alexa Voice Remote for Amazon Fire TV and Fire TV Stick,3.0,2016-04-26 00:00:00+00:00
DIANE K,Alexa Voice Remote for Amazon Fire TV and Fire TV Stick,1.0,2016-07-31 00:00:00+00:00
